{
    "logs": [
        {
            "outputFile": "C:\\Users\\cshar\\Desktop\\TrafficReportingAppV2\\app\\build\\intermediates\\incremental\\mergeReleaseResources\\merged.dir\\values-in\\values-in.xml",
            "map": [
                {
                    "source": "C:\\Users\\cshar\\.gradle\\caches\\transforms-1\\files-1.1\\appcompat-v7-26.1.0.aar\\35ac2b5c7b352d0802d718e0c4ca121f\\res\\values-in\\values-in.xml",
                    "from": {
                        "startLines": "2,3,4,5,6,7,8,9,10,11,12,13,14,15,16,17,18,19,20,21,22",
                        "startColumns": "4,4,4,4,4,4,4,4,4,4,4,4,4,4,4,4,4,4,4,4,4",
                        "startOffsets": "55,165,273,396,498,603,690,794,910,992,1071,1157,1260,1369,1470,1574,1682,1790,1913,2012,2096",
                        "endColumns": "109,107,122,101,104,86,103,115,81,78,85,102,108,100,103,107,107,122,98,83,100",
                        "endOffsets": "160,268,391,493,598,685,789,905,987,1066,1152,1255,1364,1465,1569,1677,1785,1908,2007,2091,2192"
                    }
                }
            ]
        }
    ]
}