{
    "logs": [
        {
            "outputFile": "C:\\Users\\cshar\\Desktop\\TrafficReportingAppV2\\app\\build\\intermediates\\incremental\\mergeReleaseResources\\merged.dir\\values-hu\\values-hu.xml",
            "map": [
                {
                    "source": "C:\\Users\\cshar\\.gradle\\caches\\transforms-1\\files-1.1\\appcompat-v7-26.1.0.aar\\35ac2b5c7b352d0802d718e0c4ca121f\\res\\values-hu\\values-hu.xml",
                    "from": {
                        "startLines": "2,3,4,5,6,7,8,9,10,11,12,13,14,15,16,17,18,19,20,21,22",
                        "startColumns": "4,4,4,4,4,4,4,4,4,4,4,4,4,4,4,4,4,4,4,4,4",
                        "startOffsets": "55,163,271,394,499,614,698,810,940,1016,1092,1175,1285,1396,1496,1607,1715,1834,1968,2071,2154",
                        "endColumns": "107,107,122,104,114,83,111,129,75,75,82,109,110,99,110,107,118,133,102,82,100",
                        "endOffsets": "158,266,389,494,609,693,805,935,1011,1087,1170,1280,1391,1491,1602,1710,1829,1963,2066,2149,2250"
                    }
                }
            ]
        }
    ]
}