{
    "logs": [
        {
            "outputFile": "C:\\Users\\cshar\\Desktop\\TrafficReportingAppV2\\app\\build\\intermediates\\incremental\\mergeReleaseResources\\merged.dir\\values-sw\\values-sw.xml",
            "map": [
                {
                    "source": "C:\\Users\\cshar\\.gradle\\caches\\transforms-1\\files-1.1\\appcompat-v7-26.1.0.aar\\35ac2b5c7b352d0802d718e0c4ca121f\\res\\values-sw\\values-sw.xml",
                    "from": {
                        "startLines": "2,3,4,5,6,7,8,9,10,11,12,13,14,15,16,17,18,19,20,21,22",
                        "startColumns": "4,4,4,4,4,4,4,4,4,4,4,4,4,4,4,4,4,4,4,4,4",
                        "startOffsets": "55,158,266,389,487,595,685,790,907,989,1072,1154,1255,1364,1463,1570,1679,1784,1903,2000,2082",
                        "endColumns": "102,107,122,97,107,89,104,116,81,82,81,100,108,98,106,108,104,118,96,81,100",
                        "endOffsets": "153,261,384,482,590,680,785,902,984,1067,1149,1250,1359,1458,1565,1674,1779,1898,1995,2077,2178"
                    }
                }
            ]
        }
    ]
}