{
    "logs": [
        {
            "outputFile": "C:\\Users\\cshar\\Desktop\\TrafficReportingAppV2\\app\\build\\intermediates\\incremental\\mergeReleaseResources\\merged.dir\\values-mr\\values-mr.xml",
            "map": [
                {
                    "source": "C:\\Users\\cshar\\.gradle\\caches\\transforms-1\\files-1.1\\appcompat-v7-26.1.0.aar\\35ac2b5c7b352d0802d718e0c4ca121f\\res\\values-mr\\values-mr.xml",
                    "from": {
                        "startLines": "2,3,4,5,6,7,8,9,10,11,12,13,14,15,16,17,18,19,20,21,22",
                        "startColumns": "4,4,4,4,4,4,4,4,4,4,4,4,4,4,4,4,4,4,4,4,4",
                        "startOffsets": "55,173,281,404,510,617,707,808,923,1000,1078,1158,1270,1372,1468,1577,1678,1793,1916,2021,2101",
                        "endColumns": "117,107,122,105,106,89,100,114,76,77,79,111,101,95,108,100,114,122,104,79,100",
                        "endOffsets": "168,276,399,505,612,702,803,918,995,1073,1153,1265,1367,1463,1572,1673,1788,1911,2016,2096,2197"
                    }
                }
            ]
        }
    ]
}