{
    "logs": [
        {
            "outputFile": "C:\\Users\\cshar\\Desktop\\TrafficReportingAppV2\\app\\build\\intermediates\\incremental\\mergeReleaseResources\\merged.dir\\values-sk\\values-sk.xml",
            "map": [
                {
                    "source": "C:\\Users\\cshar\\.gradle\\caches\\transforms-1\\files-1.1\\appcompat-v7-26.1.0.aar\\35ac2b5c7b352d0802d718e0c4ca121f\\res\\values-sk\\values-sk.xml",
                    "from": {
                        "startLines": "2,3,4,5,6,7,8,9,10,11,12,13,14,15,16,17,18,19,20,21,22",
                        "startColumns": "4,4,4,4,4,4,4,4,4,4,4,4,4,4,4,4,4,4,4,4,4",
                        "startOffsets": "55,162,270,393,493,604,690,798,916,997,1078,1162,1267,1376,1475,1581,1692,1801,1925,2023,2111",
                        "endColumns": "106,107,122,99,110,85,107,117,80,80,83,104,108,98,105,110,108,123,97,87,100",
                        "endOffsets": "157,265,388,488,599,685,793,911,992,1073,1157,1262,1371,1470,1576,1687,1796,1920,2018,2106,2207"
                    }
                }
            ]
        }
    ]
}