{
    "logs": [
        {
            "outputFile": "C:\\Users\\cshar\\Desktop\\TrafficReportingAppV2\\app\\build\\intermediates\\incremental\\mergeReleaseResources\\merged.dir\\values-km\\values-km.xml",
            "map": [
                {
                    "source": "C:\\Users\\cshar\\.gradle\\caches\\transforms-1\\files-1.1\\appcompat-v7-26.1.0.aar\\35ac2b5c7b352d0802d718e0c4ca121f\\res\\values-km\\values-km.xml",
                    "from": {
                        "startLines": "2,3,4,5,6,7,8,9,10,11,12,13,14,15,16,17,18,19,20,21,22",
                        "startColumns": "4,4,4,4,4,4,4,4,4,4,4,4,4,4,4,4,4,4,4,4,4",
                        "startOffsets": "55,158,266,389,489,601,688,792,910,987,1064,1147,1251,1356,1456,1566,1673,1781,1904,2002,2085",
                        "endColumns": "102,107,122,99,111,86,103,117,76,76,82,103,104,99,109,106,107,122,97,82,100",
                        "endOffsets": "153,261,384,484,596,683,787,905,982,1059,1142,1246,1351,1451,1561,1668,1776,1899,1997,2080,2181"
                    }
                }
            ]
        }
    ]
}