{
    "logs": [
        {
            "outputFile": "C:\\Users\\cshar\\Desktop\\TrafficReportingAppV2\\app\\build\\intermediates\\incremental\\mergeReleaseResources\\merged.dir\\values-kk\\values-kk.xml",
            "map": [
                {
                    "source": "C:\\Users\\cshar\\.gradle\\caches\\transforms-1\\files-1.1\\appcompat-v7-26.1.0.aar\\35ac2b5c7b352d0802d718e0c4ca121f\\res\\values-kk\\values-kk.xml",
                    "from": {
                        "startLines": "2,3,4,5,6,7,8,9,10,11,12,13,14,15,16,17,18,19,20,21,22",
                        "startColumns": "4,4,4,4,4,4,4,4,4,4,4,4,4,4,4,4,4,4,4,4,4",
                        "startOffsets": "55,167,275,398,501,611,696,802,921,1002,1082,1163,1266,1371,1469,1576,1685,1785,1900,1999,2080",
                        "endColumns": "111,107,122,102,109,84,105,118,80,79,80,102,104,97,106,108,99,114,98,80,100",
                        "endOffsets": "162,270,393,496,606,691,797,916,997,1077,1158,1261,1366,1464,1571,1680,1780,1895,1994,2075,2176"
                    }
                }
            ]
        }
    ]
}