{
    "logs": [
        {
            "outputFile": "C:\\Users\\cshar\\Desktop\\TrafficReportingAppV2\\app\\build\\intermediates\\incremental\\mergeReleaseResources\\merged.dir\\values\\values.xml",
            "map": [
                {
                    "source": "C:\\Users\\cshar\\Desktop\\TrafficReportingAppV2\\app\\src\\main\\res\\values\\colors.xml",
                    "from": {
                        "startLines": "15,21,19,5,3,4,8,11,18,16,14,20,12,13,9,10,17,6,7",
                        "startColumns": "4,4,4,4,4,4,4,4,4,4,4,4,4,4,4,4,4,4,4",
                        "startOffsets": "633,874,794,214,114,162,344,468,753,673,591,834,508,549,387,426,713,261,302",
                        "endColumns": "38,39,38,45,46,50,41,38,39,38,40,38,39,40,37,40,38,39,40",
                        "endOffsets": "667,909,828,255,156,208,381,502,788,707,627,868,543,585,420,462,747,296,338"
                    },
                    "to": {
                        "startLines": "106,111,112,121,122,123,131,132,133,136,137,150,154,163,164,171,176,179,180",
                        "startColumns": "4,4,4,4,4,4,4,4,4,4,4,4,4,4,4,4,4,4,4",
                        "startOffsets": "5229,5587,5627,6307,6353,6400,6931,6973,7012,7187,7226,7939,8199,8827,8868,9317,9644,9804,9844",
                        "endColumns": "38,39,38,45,46,50,41,38,39,38,40,38,39,40,37,40,38,39,40",
                        "endOffsets": "5263,5622,5661,6348,6395,6446,6968,7007,7047,7221,7262,7973,8234,8863,8901,9353,9678,9839,9880"
                    }
                },
                {
                    "source": "C:\\Users\\cshar\\.gradle\\caches\\transforms-1\\files-1.1\\support-media-compat-26.1.0.aar\\437840502ae6e24030401a9427ace2b5\\res\\values\\values.xml",
                    "from": {
                        "startLines": "2,6,7,8,9,10",
                        "startColumns": "4,4,4,4,4,4",
                        "startOffsets": "55,348,414,536,597,663",
                        "endColumns": "88,65,121,60,65,66",
                        "endOffsets": "139,409,531,592,658,725"
                    },
                    "to": {
                        "startLines": "153,1816,1818,1819,1824,1826",
                        "startColumns": "4,4,4,4,4,4",
                        "startOffsets": "8110,133494,133670,133792,134054,134249",
                        "endColumns": "88,65,121,60,65,66",
                        "endOffsets": "8194,133555,133787,133848,134115,134311"
                    }
                },
                {
                    "source": "C:\\Users\\cshar\\Desktop\\TrafficReportingAppV2\\app\\src\\main\\res\\values\\styles.xml",
                    "from": {
                        "startLines": "3",
                        "startColumns": "4",
                        "startOffsets": "116",
                        "endLines": "8",
                        "endColumns": "12",
                        "endOffsets": "433"
                    },
                    "to": {
                        "startLines": "545",
                        "startColumns": "4",
                        "startOffsets": "49455",
                        "endLines": "550",
                        "endColumns": "12",
                        "endOffsets": "49767"
                    }
                },
                {
                    "source": "C:\\Users\\cshar\\.gradle\\caches\\transforms-1\\files-1.1\\constraint-layout-1.0.2.aar\\ed0aa60f661bcdb69f8b7b68aae881fb\\res\\values\\values.xml",
                    "from": {
                        "startLines": "2,3,4,7,8,11,14,15,18,21,22,23,24,28,29,30,31,36,37,38,41,44,45,48,51,54,57,58,61,64,65,70,71,75,76,77,78,79,80,81,82,83,84,85",
                        "startColumns": "4,4,4,4,4,4,4,4,4,4,4,4,4,4,4,4,4,4,4,4,4,4,4,4,4,4,4,4,4,4,4,4,4,4,4,4,4,4,4,4,4,4,4,4",
                        "startOffsets": "55,107,177,310,378,507,633,700,823,948,1015,1080,1145,1285,1351,1417,1484,1694,1763,1829,1954,2080,2147,2273,2400,2525,2652,2717,2843,2966,3031,3239,3306,3445,3510,3575,3637,3699,3761,3820,3880,3941,4002,4061",
                        "endLines": "2,3,6,7,10,13,14,17,20,21,22,23,27,28,29,30,35,36,37,40,43,44,47,50,53,56,57,60,63,64,69,70,74,75,76,77,78,79,80,81,82,83,84,90",
                        "endColumns": "51,69,11,67,11,11,66,11,11,66,64,64,11,65,65,66,11,68,65,11,11,66,11,11,11,11,64,11,11,64,11,66,11,64,64,61,61,61,58,59,60,60,58,11",
                        "endOffsets": "102,172,305,373,502,628,695,818,943,1010,1075,1140,1280,1346,1412,1479,1689,1758,1824,1949,2075,2142,2268,2395,2520,2647,2712,2838,2961,3026,3234,3301,3440,3505,3570,3632,3694,3756,3815,3875,3936,3997,4056,4265"
                    },
                    "to": {
                        "startLines": "2,6,7,10,11,14,17,18,21,24,25,26,27,31,32,33,34,39,40,41,44,47,48,51,54,57,60,61,64,67,68,73,74,78,79,80,81,82,83,84,85,86,87,88",
                        "startColumns": "4,4,4,4,4,4,4,4,4,4,4,4,4,4,4,4,4,4,4,4,4,4,4,4,4,4,4,4,4,4,4,4,4,4,4,4,4,4,4,4,4,4,4,4",
                        "startOffsets": "55,256,326,459,527,656,782,849,972,1097,1164,1229,1294,1434,1500,1566,1633,1843,1912,1978,2103,2229,2296,2422,2549,2674,2801,2866,2992,3115,3180,3388,3455,3594,3659,3724,3786,3848,3910,3969,4029,4090,4151,4210",
                        "endLines": "2,6,9,10,13,16,17,20,23,24,25,26,30,31,32,33,38,39,40,43,46,47,50,53,56,59,60,63,66,67,72,73,77,78,79,80,81,82,83,84,85,86,87,93",
                        "endColumns": "51,69,11,67,11,11,66,11,11,66,64,64,11,65,65,66,11,68,65,11,11,66,11,11,11,11,64,11,11,64,11,66,11,64,64,61,61,61,58,59,60,60,58,11",
                        "endOffsets": "102,321,454,522,651,777,844,967,1092,1159,1224,1289,1429,1495,1561,1628,1838,1907,1973,2098,2224,2291,2417,2544,2669,2796,2861,2987,3110,3175,3383,3450,3589,3654,3719,3781,3843,3905,3964,4024,4085,4146,4205,4414"
                    }
                },
                {
                    "source": "C:\\Users\\cshar\\.gradle\\caches\\transforms-1\\files-1.1\\appcompat-v7-26.1.0.aar\\35ac2b5c7b352d0802d718e0c4ca121f\\res\\values\\values.xml",
                    "from": {
                        "startLines": "2,3,4,5,6,7,8,9,10,11,12,13,14,15,16,17,18,19,20,21,22,23,24,25,26,27,28,29,30,31,32,33,34,35,36,37,38,39,40,41,42,43,44,45,46,47,48,49,50,51,52,53,54,55,56,57,58,59,60,61,62,63,64,65,66,67,68,69,245,246,247,248,249,250,251,252,253,254,255,256,257,258,259,260,261,262,263,264,265,266,267,268,269,270,271,272,273,274,275,276,277,278,279,280,281,282,283,284,285,286,287,288,289,290,291,292,293,294,295,296,297,298,299,300,301,302,303,304,305,306,307,308,309,310,311,312,313,314,315,316,317,318,319,320,321,322,323,324,325,326,327,328,329,330,331,332,333,334,335,336,337,338,339,340,341,342,343,344,345,346,347,348,349,350,351,352,353,354,355,356,357,358,359,360,361,362,363,364,365,366,367,368,369,370,371,372,373,374,375,376,377,378,379,380,381,382,383,384,385,386,393,394,398,402,406,411,417,424,428,432,437,441,445,449,453,457,461,465,469,473,477,481,485,490,494,497,501,505,509,513,517,521,524,528,532,536,540,544,545,546,547,550,553,556,559,563,564,565,566,567,570,572,574,576,581,582,586,592,596,597,599,610,611,615,621,625,626,627,631,658,662,663,667,695,861,883,1049,1071,1098,1105,1110,1124,1146,1151,1156,1166,1175,1184,1188,1195,1203,1210,1211,1220,1223,1226,1230,1234,1238,1241,1242,1246,1250,1260,1265,1272,1278,1279,1282,1286,1291,1293,1295,1298,1301,1303,1307,1310,1317,1320,1323,1327,1329,1333,1335,1341,1343,1347,1355,1363,1375,1381,1390,1393,1404,1407,1412,1413,1418,1460,1503,1504,1514,1523,1524,1526,1530,1533,1536,1539,1542,1546,1549,1552,1555,1559,1562,1566,1570,1571,1572,1573,1574,1575,1576,1577,1578,1579,1580,1581,1582,1583,1584,1585,1586,1587,1588,1589,1590,1591,1595,1596,1597,1598,1599,1603,1604,1605,1606,1608,1610,1611,1612,1613,1614,1615,1616,1617,1619,1620,1622,1623,1625,1627,1628,1630,1631,1632,1633,1634,1635,1637,1638,1639,1640,1641,1642,1644,1646,1648,1649,1650,1651,1652,1653,1654,1655,1656,1657,1658,1659,1660,1662,1663,1664,1665,1666,1667,1669,1673,1677,1678,1679,1680,1681,1682,1683,1684,1686,1688,1690,1692,1694,1695,1696,1697,1699,1701,1703,1704,1705,1706,1707,1708,1709,1710,1711,1712,1713,1714,1717,1718,1719,1720,1722,1724,1725,1727,1728,1730,1732,1734,1735,1736,1737,1738,1739,1740,1741,1742,1743,1744,1745,1747,1748,1749,1750,1752,1753,1754,1755,1756,1758,1760,1762,1764,1765,1766,1767,1768,1769,1770,1771,1772,1773,1774,1775,1776,1777",
                        "startColumns": "4,4,4,4,4,4,4,4,4,4,4,4,4,4,4,4,4,4,4,4,4,4,4,4,4,4,4,4,4,4,4,4,4,4,4,4,4,4,4,4,4,4,4,4,4,4,4,4,4,4,4,4,4,4,4,4,4,4,4,4,4,4,4,4,4,4,4,4,4,4,4,4,4,4,4,4,4,4,4,4,4,4,4,4,4,4,4,4,4,4,4,4,4,4,4,4,4,4,4,4,4,4,4,4,4,4,4,4,4,4,4,4,4,4,4,4,4,4,4,4,4,4,4,4,4,4,4,4,4,4,4,4,4,4,4,4,4,4,4,4,4,4,4,4,4,4,4,4,4,4,4,4,4,4,4,4,4,4,4,4,4,4,4,4,4,4,4,4,4,4,4,4,4,4,4,4,4,4,4,4,4,4,4,4,4,4,4,4,4,4,4,4,4,4,4,4,4,4,4,4,4,4,4,4,4,4,4,4,4,4,4,4,4,4,4,4,4,4,4,4,4,4,4,4,4,4,4,4,4,4,4,4,4,4,4,4,4,4,4,4,4,4,4,4,4,4,4,4,4,4,4,4,4,4,4,4,4,4,4,4,4,4,4,4,4,4,4,4,4,4,4,4,4,4,4,4,4,4,4,4,4,4,4,4,4,4,4,4,4,4,4,4,4,4,4,4,4,4,4,4,4,4,4,4,4,4,4,4,4,4,4,4,4,4,4,4,4,4,4,4,4,4,4,4,4,4,4,4,4,4,4,4,4,4,4,4,4,4,4,4,4,4,4,4,4,4,4,4,4,4,4,4,4,4,4,4,4,4,4,4,4,4,4,4,4,4,4,4,4,4,4,4,4,4,4,4,4,4,4,4,4,4,4,4,4,4,4,4,4,4,4,4,4,4,4,4,4,4,4,4,4,4,4,4,4,4,4,4,4,4,4,4,4,4,4,4,4,4,4,4,4,4,4,4,4,4,4,4,4,4,4,4,4,4,4,4,4,4,4,4,4,4,4,4,4,4,4,4,4,4,4,4,4,4,4,4,4,4,4,4,4,4,4,4,4,4,4,4,4,4,4,4,4,4,4,4,4,4,4,4,4,4,4,4,4,4,4,4,4,4,4,4,4,4,4,4,4,4,4,4,4,4,4,4,4,4,4,4,4,4,4,4,4,4,4,4,4,4,4,4,4,4,4,4,4,4,4,4,4",
                        "startOffsets": "55,110,155,204,245,300,358,420,488,566,647,708,783,859,936,1014,1099,1181,1257,1333,1410,1488,1594,1700,1779,1859,1916,1974,2048,2123,2188,2254,2309,2381,2454,2521,2589,2648,2707,2766,2825,2884,2938,2992,3045,3099,3153,3207,3261,3335,3414,3487,3561,3632,3704,3776,3849,3906,3964,4037,4111,4185,4260,4332,4405,4475,4546,4606,26813,26882,26951,27021,27095,27171,27235,27312,27388,27465,27529,27594,27663,27740,27815,27884,27952,28029,28095,28192,28257,28326,28425,28496,28555,28613,28670,28729,28800,28872,28944,29016,29088,29155,29223,29291,29350,29413,29477,29567,29658,29718,29784,29851,29917,29987,30051,30104,30217,30275,30338,30403,30468,30543,30616,30688,30737,30798,30859,30920,30982,31046,31110,31174,31239,31302,31362,31423,31489,31548,31608,31670,31741,31801,31869,31955,32042,32132,32219,32307,32389,32472,32562,32653,32705,32763,32808,32874,32938,32995,33052,33106,33163,33211,33260,33311,33345,33392,33441,33487,33519,33583,33645,33705,33762,33836,33914,34007,34077,34155,34209,34279,34364,34412,34458,34529,34607,34685,34757,34831,34905,34979,35059,35132,35201,35273,35350,35402,35475,35549,35618,35693,35767,35841,35930,36000,36053,36131,36221,36309,36405,36495,36996,37085,37332,37613,37857,38142,38535,39012,39234,39456,39724,39951,40181,40411,40641,40871,41098,41337,41563,41808,42038,42286,42505,42788,42996,43127,43354,43600,43825,44072,44293,44538,44658,44934,45235,45559,45850,46164,46301,46432,46537,46779,46946,47150,47358,47629,47741,47853,47958,48075,48289,48435,48575,48661,49009,49097,49327,49745,49978,50060,50158,50775,50875,51111,51535,51774,51868,51957,52194,54246,54488,54590,54827,57011,67548,68799,79433,80696,82188,82724,83054,84115,85380,85636,85872,86419,86913,87518,87716,88296,88860,89235,89353,89891,90048,90244,90517,90773,90943,91084,91148,91430,91716,92392,92656,92994,93347,93441,93627,93933,94195,94320,94447,94686,94897,95016,95209,95386,95841,96022,96144,96403,96516,96703,96805,97249,97373,97648,98156,98652,99529,99823,100393,100542,101274,101446,101782,101874,102152,105338,108667,108729,109359,109973,110059,110172,110401,110561,110713,110884,111051,111294,111464,111637,111808,112082,112281,112486,112816,112900,112996,113092,113190,113290,113392,113494,113596,113698,113800,113900,113996,114108,114237,114360,114491,114622,114720,114834,114928,115048,115252,115321,115437,115565,115629,115833,115902,116034,116104,116244,116378,116474,116586,116686,116802,116898,117010,117110,117250,117386,117550,117680,117838,117988,118129,118273,118408,118520,118670,118798,118926,119062,119194,119324,119454,119566,119706,119852,119996,120134,120200,120290,120366,120470,120560,120662,120770,120878,120978,121058,121150,121248,121358,121436,121542,121634,121738,121848,121970,122133,122290,122370,122470,122560,122670,122764,122870,122962,123062,123174,123288,123404,123520,123614,123728,123840,123942,124062,124184,124266,124370,124490,124616,124714,124808,124896,125008,125124,125246,125358,125533,125649,125735,125827,125939,126063,126130,126256,126324,126452,126596,126724,126793,126888,127003,127116,127215,127324,127435,127546,127647,127752,127852,127982,128073,128196,128290,128402,128488,128592,128688,128776,128894,128998,129102,129228,129316,129424,129524,129614,129724,129808,129910,129994,130048,130112,130218,130328,130412",
                        "endLines": "2,3,4,5,6,7,8,9,10,11,12,13,14,15,16,17,18,19,20,21,22,23,24,25,26,27,28,29,30,31,32,33,34,35,36,37,38,39,40,41,42,43,44,45,46,47,48,49,50,51,52,53,54,55,56,57,58,59,60,61,62,63,64,65,66,67,68,69,245,246,247,248,249,250,251,252,253,254,255,256,257,258,259,260,261,262,263,264,265,266,267,268,269,270,271,272,273,274,275,276,277,278,279,280,281,282,283,284,285,286,287,288,289,290,291,292,293,294,295,296,297,298,299,300,301,302,303,304,305,306,307,308,309,310,311,312,313,314,315,316,317,318,319,320,321,322,323,324,325,326,327,328,329,330,331,332,333,334,335,336,337,338,339,340,341,342,343,344,345,346,347,348,349,350,351,352,353,354,355,356,357,358,359,360,361,362,363,364,365,366,367,368,369,370,371,372,373,374,375,376,377,378,379,380,381,382,383,384,385,392,393,397,401,405,410,416,423,427,431,436,440,444,448,452,456,460,464,468,472,476,480,484,489,493,496,500,504,508,512,516,520,523,527,531,535,539,543,544,545,546,549,552,555,558,562,563,564,565,566,569,571,573,575,580,581,585,591,595,596,598,609,610,614,620,624,625,626,630,657,661,662,666,694,860,882,1048,1070,1097,1104,1109,1123,1145,1150,1155,1165,1174,1183,1187,1194,1202,1209,1210,1219,1222,1225,1229,1233,1237,1240,1241,1245,1249,1259,1264,1271,1277,1278,1281,1285,1290,1292,1294,1297,1300,1302,1306,1309,1316,1319,1322,1326,1328,1332,1334,1340,1342,1346,1354,1362,1374,1380,1389,1392,1403,1406,1411,1412,1417,1459,1502,1503,1513,1522,1523,1525,1529,1532,1535,1538,1541,1545,1548,1551,1554,1558,1561,1565,1569,1570,1571,1572,1573,1574,1575,1576,1577,1578,1579,1580,1581,1582,1583,1584,1585,1586,1587,1588,1589,1590,1594,1595,1596,1597,1598,1602,1603,1604,1605,1607,1609,1610,1611,1612,1613,1614,1615,1616,1618,1619,1621,1622,1624,1626,1627,1629,1630,1631,1632,1633,1634,1636,1637,1638,1639,1640,1641,1643,1645,1647,1648,1649,1650,1651,1652,1653,1654,1655,1656,1657,1658,1659,1661,1662,1663,1664,1665,1666,1668,1672,1676,1677,1678,1679,1680,1681,1682,1683,1685,1687,1689,1691,1693,1694,1695,1696,1698,1700,1702,1703,1704,1705,1706,1707,1708,1709,1710,1711,1712,1713,1716,1717,1718,1719,1721,1723,1724,1726,1727,1729,1731,1733,1734,1735,1736,1737,1738,1739,1740,1741,1742,1743,1744,1746,1747,1748,1749,1751,1752,1753,1754,1755,1757,1759,1761,1763,1764,1765,1766,1767,1768,1769,1770,1771,1772,1773,1774,1775,1776,1777",
                        "endColumns": "54,44,48,40,54,57,61,67,77,80,60,74,75,76,77,84,81,75,75,76,77,105,105,78,79,56,57,73,74,64,65,54,71,72,66,67,58,58,58,58,58,53,53,52,53,53,53,53,73,78,72,73,70,71,71,72,56,57,72,73,73,74,71,72,69,70,59,60,68,68,69,73,75,63,76,75,76,63,64,68,76,74,68,67,76,65,96,64,68,98,70,58,57,56,58,70,71,71,71,71,66,67,67,58,62,63,89,90,59,65,66,65,69,63,52,112,57,62,64,64,74,72,71,48,60,60,60,61,63,63,63,64,62,59,60,65,58,59,61,70,59,67,85,86,89,86,87,81,82,89,90,51,57,44,65,63,56,56,53,56,47,48,50,33,46,48,45,31,63,61,59,56,73,77,92,69,77,53,69,84,47,45,70,77,77,71,73,73,73,79,72,68,71,76,51,72,73,68,74,73,73,88,69,52,77,89,87,95,89,12,88,12,12,12,12,12,12,12,12,12,12,12,12,12,12,12,12,12,12,12,12,12,12,12,12,12,12,12,12,12,12,12,12,12,12,12,12,136,130,104,12,12,12,12,12,111,111,104,116,12,12,12,12,12,87,12,12,12,81,12,12,99,12,12,12,93,88,12,12,12,101,12,12,12,12,12,12,12,12,12,12,12,12,12,12,12,12,12,12,12,12,117,12,12,12,12,12,12,12,63,12,12,12,12,12,12,93,12,12,12,12,12,12,12,12,12,12,12,12,12,12,12,12,12,12,12,12,12,12,12,12,12,12,12,12,12,91,12,12,12,61,12,12,85,12,12,12,12,12,12,12,12,12,12,12,12,12,12,83,95,95,97,99,101,101,101,101,101,99,95,111,128,122,130,130,97,113,93,119,12,68,115,127,63,12,68,131,69,12,12,95,111,99,115,95,111,99,12,135,12,129,12,12,140,12,134,111,149,127,127,12,131,129,129,111,139,12,12,12,65,89,75,103,89,101,107,107,99,79,91,97,12,77,105,91,103,109,12,12,12,79,99,89,109,93,105,91,12,12,12,12,12,93,113,111,12,12,12,81,103,119,125,97,93,87,111,115,121,111,12,115,85,91,12,12,66,12,67,12,12,12,68,94,114,112,98,108,110,110,100,104,99,12,90,122,93,12,85,103,95,87,12,12,12,12,87,107,99,89,109,83,101,83,53,63,105,109,83,119",
                        "endOffsets": "105,150,199,240,295,353,415,483,561,642,703,778,854,931,1009,1094,1176,1252,1328,1405,1483,1589,1695,1774,1854,1911,1969,2043,2118,2183,2249,2304,2376,2449,2516,2584,2643,2702,2761,2820,2879,2933,2987,3040,3094,3148,3202,3256,3330,3409,3482,3556,3627,3699,3771,3844,3901,3959,4032,4106,4180,4255,4327,4400,4470,4541,4601,4662,26877,26946,27016,27090,27166,27230,27307,27383,27460,27524,27589,27658,27735,27810,27879,27947,28024,28090,28187,28252,28321,28420,28491,28550,28608,28665,28724,28795,28867,28939,29011,29083,29150,29218,29286,29345,29408,29472,29562,29653,29713,29779,29846,29912,29982,30046,30099,30212,30270,30333,30398,30463,30538,30611,30683,30732,30793,30854,30915,30977,31041,31105,31169,31234,31297,31357,31418,31484,31543,31603,31665,31736,31796,31864,31950,32037,32127,32214,32302,32384,32467,32557,32648,32700,32758,32803,32869,32933,32990,33047,33101,33158,33206,33255,33306,33340,33387,33436,33482,33514,33578,33640,33700,33757,33831,33909,34002,34072,34150,34204,34274,34359,34407,34453,34524,34602,34680,34752,34826,34900,34974,35054,35127,35196,35268,35345,35397,35470,35544,35613,35688,35762,35836,35925,35995,36048,36126,36216,36304,36400,36490,36991,37080,37327,37608,37852,38137,38530,39007,39229,39451,39719,39946,40176,40406,40636,40866,41093,41332,41558,41803,42033,42281,42500,42783,42991,43122,43349,43595,43820,44067,44288,44533,44653,44929,45230,45554,45845,46159,46296,46427,46532,46774,46941,47145,47353,47624,47736,47848,47953,48070,48284,48430,48570,48656,49004,49092,49322,49740,49973,50055,50153,50770,50870,51106,51530,51769,51863,51952,52189,54241,54483,54585,54822,57006,67543,68794,79428,80691,82183,82719,83049,84110,85375,85631,85867,86414,86908,87513,87711,88291,88855,89230,89348,89886,90043,90239,90512,90768,90938,91079,91143,91425,91711,92387,92651,92989,93342,93436,93622,93928,94190,94315,94442,94681,94892,95011,95204,95381,95836,96017,96139,96398,96511,96698,96800,97244,97368,97643,98151,98647,99524,99818,100388,100537,101269,101441,101777,101869,102147,105333,108662,108724,109354,109968,110054,110167,110396,110556,110708,110879,111046,111289,111459,111632,111803,112077,112276,112481,112811,112895,112991,113087,113185,113285,113387,113489,113591,113693,113795,113895,113991,114103,114232,114355,114486,114617,114715,114829,114923,115043,115247,115316,115432,115560,115624,115828,115897,116029,116099,116239,116373,116469,116581,116681,116797,116893,117005,117105,117245,117381,117545,117675,117833,117983,118124,118268,118403,118515,118665,118793,118921,119057,119189,119319,119449,119561,119701,119847,119991,120129,120195,120285,120361,120465,120555,120657,120765,120873,120973,121053,121145,121243,121353,121431,121537,121629,121733,121843,121965,122128,122285,122365,122465,122555,122665,122759,122865,122957,123057,123169,123283,123399,123515,123609,123723,123835,123937,124057,124179,124261,124365,124485,124611,124709,124803,124891,125003,125119,125241,125353,125528,125644,125730,125822,125934,126058,126125,126251,126319,126447,126591,126719,126788,126883,126998,127111,127210,127319,127430,127541,127642,127747,127847,127977,128068,128191,128285,128397,128483,128587,128683,128771,128889,128993,129097,129223,129311,129419,129519,129609,129719,129803,129905,129989,130043,130107,130213,130323,130407,130527"
                    },
                    "to": {
                        "startLines": "3,4,5,94,95,96,97,98,99,100,101,102,103,104,105,107,108,109,110,113,114,115,116,117,118,119,120,124,125,126,127,128,129,130,134,135,138,139,140,141,142,143,144,145,146,147,148,149,155,156,157,158,159,160,161,162,165,166,167,168,169,170,172,173,174,175,177,178,372,373,374,375,376,377,378,379,380,381,382,383,384,385,386,387,388,389,390,391,392,393,394,395,396,397,398,399,400,401,402,403,404,405,406,407,408,409,410,411,412,413,414,415,416,417,418,419,420,421,422,423,424,425,426,427,428,429,430,431,432,433,434,435,436,437,438,439,440,441,442,443,444,445,453,454,455,456,457,458,459,460,461,477,478,479,480,481,482,483,484,487,488,489,490,491,494,495,496,500,501,502,503,504,506,507,508,509,510,511,512,513,514,515,516,517,518,519,520,521,522,523,524,525,526,527,528,529,530,531,532,533,534,535,536,538,540,541,542,543,544,555,562,563,567,571,575,580,586,593,597,601,606,610,614,618,622,626,630,634,638,642,646,650,654,659,663,666,670,674,678,682,686,690,693,697,701,705,709,713,714,715,716,719,722,725,728,732,733,734,735,736,739,741,743,745,750,751,755,761,765,766,768,779,780,784,790,794,795,796,800,827,831,832,836,864,1030,1052,1218,1240,1267,1274,1279,1293,1315,1320,1325,1335,1344,1353,1357,1364,1372,1379,1380,1389,1392,1395,1399,1403,1407,1410,1411,1415,1419,1429,1434,1441,1447,1448,1451,1455,1460,1462,1464,1467,1470,1472,1476,1479,1486,1489,1492,1496,1498,1502,1504,1510,1512,1516,1524,1532,1544,1550,1559,1562,1573,1576,1581,1582,1587,1629,1672,1673,1683,1692,1693,1695,1699,1702,1705,1708,1711,1715,1718,1721,1724,1728,1731,1735,1739,1740,1741,1742,1743,1744,1745,1746,1747,1748,1749,1750,1751,1752,1753,1754,1755,1756,1757,1758,1759,1760,1764,1765,1766,1767,1768,1772,1773,1774,1775,1777,1779,1780,1781,1782,1783,1784,1785,1786,1788,1789,1791,1792,1794,1796,1797,1799,1800,1801,1802,1803,1804,1806,1807,1808,1809,1810,1827,1829,1831,1833,1834,1835,1836,1837,1838,1839,1840,1841,1842,1843,1844,1845,1847,1848,1849,1850,1851,1852,1854,1858,1862,1863,1864,1865,1866,1867,1868,1869,1871,1873,1875,1877,1879,1880,1881,1882,1884,1886,1888,1889,1890,1891,1892,1893,1894,1895,1896,1897,1898,1899,1902,1903,1904,1905,1907,1909,1910,1912,1913,1915,1917,1919,1920,1921,1922,1923,1924,1925,1926,1927,1928,1929,1930,1932,1933,1934,1935,1937,1938,1939,1940,1941,1943,1945,1947,1949,1950,1951,1952,1953,1954,1955,1956,1957,1958,1959,1960,1961,1962",
                        "startColumns": "4,4,4,4,4,4,4,4,4,4,4,4,4,4,4,4,4,4,4,4,4,4,4,4,4,4,4,4,4,4,4,4,4,4,4,4,4,4,4,4,4,4,4,4,4,4,4,4,4,4,4,4,4,4,4,4,4,4,4,4,4,4,4,4,4,4,4,4,4,4,4,4,4,4,4,4,4,4,4,4,4,4,4,4,4,4,4,4,4,4,4,4,4,4,4,4,4,4,4,4,4,4,4,4,4,4,4,4,4,4,4,4,4,4,4,4,4,4,4,4,4,4,4,4,4,4,4,4,4,4,4,4,4,4,4,4,4,4,4,4,4,4,4,4,4,4,4,4,4,4,4,4,4,4,4,4,4,4,4,4,4,4,4,4,4,4,4,4,4,4,4,4,4,4,4,4,4,4,4,4,4,4,4,4,4,4,4,4,4,4,4,4,4,4,4,4,4,4,4,4,4,4,4,4,4,4,4,4,4,4,4,4,4,4,4,4,4,4,4,4,4,4,4,4,4,4,4,4,4,4,4,4,4,4,4,4,4,4,4,4,4,4,4,4,4,4,4,4,4,4,4,4,4,4,4,4,4,4,4,4,4,4,4,4,4,4,4,4,4,4,4,4,4,4,4,4,4,4,4,4,4,4,4,4,4,4,4,4,4,4,4,4,4,4,4,4,4,4,4,4,4,4,4,4,4,4,4,4,4,4,4,4,4,4,4,4,4,4,4,4,4,4,4,4,4,4,4,4,4,4,4,4,4,4,4,4,4,4,4,4,4,4,4,4,4,4,4,4,4,4,4,4,4,4,4,4,4,4,4,4,4,4,4,4,4,4,4,4,4,4,4,4,4,4,4,4,4,4,4,4,4,4,4,4,4,4,4,4,4,4,4,4,4,4,4,4,4,4,4,4,4,4,4,4,4,4,4,4,4,4,4,4,4,4,4,4,4,4,4,4,4,4,4,4,4,4,4,4,4,4,4,4,4,4,4,4,4,4,4,4,4,4,4,4,4,4,4,4,4,4,4,4,4,4,4,4,4,4,4,4,4,4,4,4,4,4,4,4,4,4,4,4,4,4,4,4,4,4,4,4,4,4,4,4,4,4,4,4,4,4,4,4,4,4,4,4,4,4,4,4,4,4,4,4,4,4,4,4,4,4,4,4,4,4,4,4,4,4,4,4,4,4,4,4,4,4,4,4,4",
                        "startOffsets": "107,162,207,4419,4460,4515,4573,4635,4703,4781,4862,4923,4998,5074,5151,5268,5353,5435,5511,5666,5743,5821,5927,6033,6112,6192,6249,6451,6525,6600,6665,6731,6786,6858,7052,7119,7267,7326,7385,7444,7503,7562,7616,7670,7723,7777,7831,7885,8239,8313,8392,8465,8539,8610,8682,8754,8906,8963,9021,9094,9168,9242,9358,9430,9503,9573,9683,9743,37798,37867,37936,38006,38080,38156,38220,38297,38373,38450,38514,38579,38648,38725,38800,38869,38937,39014,39080,39177,39242,39311,39410,39481,39540,39598,39655,39714,39785,39857,39929,40001,40073,40140,40208,40276,40335,40398,40462,40552,40643,40703,40769,40836,40902,40972,41036,41089,41202,41260,41323,41388,41453,41528,41601,41673,41722,41783,41844,41905,41967,42031,42095,42159,42224,42287,42347,42408,42474,42533,42593,42655,42726,42786,43309,43395,43482,43572,43659,43747,43829,43912,44002,45071,45123,45181,45226,45292,45356,45413,45470,45672,45729,45777,45826,45877,45981,46028,46077,46227,46259,46323,46385,46445,46572,46646,46724,46817,46887,46965,47019,47089,47174,47222,47268,47339,47417,47495,47567,47641,47715,47789,47869,47942,48011,48083,48160,48212,48285,48359,48428,48503,48577,48651,48740,48889,49013,49091,49181,49269,49365,49965,50466,50555,50802,51083,51327,51612,52005,52482,52704,52926,53194,53421,53651,53881,54111,54341,54568,54807,55033,55278,55508,55756,55975,56258,56466,56597,56824,57070,57295,57542,57763,58008,58128,58404,58705,59029,59320,59634,59771,59902,60007,60249,60416,60620,60828,61099,61211,61323,61428,61545,61759,61905,62045,62131,62479,62567,62797,63215,63448,63530,63628,64245,64345,64581,65005,65244,65338,65427,65664,67716,67958,68060,68297,70481,81018,82269,92903,94166,95658,96194,96524,97585,98850,99106,99342,99889,100383,100988,101186,101766,102330,102705,102823,103361,103518,103714,103987,104243,104413,104554,104618,104900,105186,105862,106126,106464,106817,106911,107097,107403,107665,107790,107917,108156,108367,108486,108679,108856,109311,109492,109614,109873,109986,110173,110275,110719,110843,111118,111626,112122,112999,113293,113863,114012,114744,114916,115252,115344,115622,118808,122137,122199,122829,123443,123529,123642,123871,124031,124183,124354,124521,124764,124934,125107,125278,125552,125751,125956,126286,126370,126466,126562,126660,126760,126862,126964,127066,127168,127270,127370,127466,127578,127707,127830,127961,128092,128190,128304,128398,128518,128722,128791,128907,129035,129099,129303,129372,129504,129574,129714,129848,129944,130056,130156,130272,130368,130480,130580,130720,130856,131020,131150,131308,131458,131599,131743,131878,131990,132140,132268,132396,132532,132664,132794,132924,133036,134316,134462,134606,134744,134810,134900,134976,135080,135170,135272,135380,135488,135588,135668,135760,135858,135968,136046,136152,136244,136348,136458,136580,136743,136900,136980,137080,137170,137280,137374,137480,137572,137672,137784,137898,138014,138130,138224,138338,138450,138552,138672,138794,138876,138980,139100,139226,139324,139418,139506,139618,139734,139856,139968,140143,140259,140345,140437,140549,140673,140740,140866,140934,141062,141206,141334,141403,141498,141613,141726,141825,141934,142045,142156,142257,142362,142462,142592,142683,142806,142900,143012,143098,143202,143298,143386,143504,143608,143712,143838,143926,144034,144134,144224,144334,144418,144520,144604,144658,144722,144828,144938,145022",
                        "endLines": "3,4,5,94,95,96,97,98,99,100,101,102,103,104,105,107,108,109,110,113,114,115,116,117,118,119,120,124,125,126,127,128,129,130,134,135,138,139,140,141,142,143,144,145,146,147,148,149,155,156,157,158,159,160,161,162,165,166,167,168,169,170,172,173,174,175,177,178,372,373,374,375,376,377,378,379,380,381,382,383,384,385,386,387,388,389,390,391,392,393,394,395,396,397,398,399,400,401,402,403,404,405,406,407,408,409,410,411,412,413,414,415,416,417,418,419,420,421,422,423,424,425,426,427,428,429,430,431,432,433,434,435,436,437,438,439,440,441,442,443,444,445,453,454,455,456,457,458,459,460,461,477,478,479,480,481,482,483,484,487,488,489,490,491,494,495,496,500,501,502,503,504,506,507,508,509,510,511,512,513,514,515,516,517,518,519,520,521,522,523,524,525,526,527,528,529,530,531,532,533,534,535,536,538,540,541,542,543,544,561,562,566,570,574,579,585,592,596,600,605,609,613,617,621,625,629,633,637,641,645,649,653,658,662,665,669,673,677,681,685,689,692,696,700,704,708,712,713,714,715,718,721,724,727,731,732,733,734,735,738,740,742,744,749,750,754,760,764,765,767,778,779,783,789,793,794,795,799,826,830,831,835,863,1029,1051,1217,1239,1266,1273,1278,1292,1314,1319,1324,1334,1343,1352,1356,1363,1371,1378,1379,1388,1391,1394,1398,1402,1406,1409,1410,1414,1418,1428,1433,1440,1446,1447,1450,1454,1459,1461,1463,1466,1469,1471,1475,1478,1485,1488,1491,1495,1497,1501,1503,1509,1511,1515,1523,1531,1543,1549,1558,1561,1572,1575,1580,1581,1586,1628,1671,1672,1682,1691,1692,1694,1698,1701,1704,1707,1710,1714,1717,1720,1723,1727,1730,1734,1738,1739,1740,1741,1742,1743,1744,1745,1746,1747,1748,1749,1750,1751,1752,1753,1754,1755,1756,1757,1758,1759,1763,1764,1765,1766,1767,1771,1772,1773,1774,1776,1778,1779,1780,1781,1782,1783,1784,1785,1787,1788,1790,1791,1793,1795,1796,1798,1799,1800,1801,1802,1803,1805,1806,1807,1808,1809,1810,1828,1830,1832,1833,1834,1835,1836,1837,1838,1839,1840,1841,1842,1843,1844,1846,1847,1848,1849,1850,1851,1853,1857,1861,1862,1863,1864,1865,1866,1867,1868,1870,1872,1874,1876,1878,1879,1880,1881,1883,1885,1887,1888,1889,1890,1891,1892,1893,1894,1895,1896,1897,1898,1901,1902,1903,1904,1906,1908,1909,1911,1912,1914,1916,1918,1919,1920,1921,1922,1923,1924,1925,1926,1927,1928,1929,1931,1932,1933,1934,1936,1937,1938,1939,1940,1942,1944,1946,1948,1949,1950,1951,1952,1953,1954,1955,1956,1957,1958,1959,1960,1961,1962",
                        "endColumns": "54,44,48,40,54,57,61,67,77,80,60,74,75,76,77,84,81,75,75,76,77,105,105,78,79,56,57,73,74,64,65,54,71,72,66,67,58,58,58,58,58,53,53,52,53,53,53,53,73,78,72,73,70,71,71,72,56,57,72,73,73,74,71,72,69,70,59,60,68,68,69,73,75,63,76,75,76,63,64,68,76,74,68,67,76,65,96,64,68,98,70,58,57,56,58,70,71,71,71,71,66,67,67,58,62,63,89,90,59,65,66,65,69,63,52,112,57,62,64,64,74,72,71,48,60,60,60,61,63,63,63,64,62,59,60,65,58,59,61,70,59,67,85,86,89,86,87,81,82,89,90,51,57,44,65,63,56,56,53,56,47,48,50,33,46,48,45,31,63,61,59,56,73,77,92,69,77,53,69,84,47,45,70,77,77,71,73,73,73,79,72,68,71,76,51,72,73,68,74,73,73,88,69,52,77,89,87,95,89,12,88,12,12,12,12,12,12,12,12,12,12,12,12,12,12,12,12,12,12,12,12,12,12,12,12,12,12,12,12,12,12,12,12,12,12,12,12,136,130,104,12,12,12,12,12,111,111,104,116,12,12,12,12,12,87,12,12,12,81,12,12,99,12,12,12,93,88,12,12,12,101,12,12,12,12,12,12,12,12,12,12,12,12,12,12,12,12,12,12,12,12,117,12,12,12,12,12,12,12,63,12,12,12,12,12,12,93,12,12,12,12,12,12,12,12,12,12,12,12,12,12,12,12,12,12,12,12,12,12,12,12,12,12,12,12,12,91,12,12,12,61,12,12,85,12,12,12,12,12,12,12,12,12,12,12,12,12,12,83,95,95,97,99,101,101,101,101,101,99,95,111,128,122,130,130,97,113,93,119,12,68,115,127,63,12,68,131,69,12,12,95,111,99,115,95,111,99,12,135,12,129,12,12,140,12,134,111,149,127,127,12,131,129,129,111,139,12,12,12,65,89,75,103,89,101,107,107,99,79,91,97,12,77,105,91,103,109,12,12,12,79,99,89,109,93,105,91,12,12,12,12,12,93,113,111,12,12,12,81,103,119,125,97,93,87,111,115,121,111,12,115,85,91,12,12,66,12,67,12,12,12,68,94,114,112,98,108,110,110,100,104,99,12,90,122,93,12,85,103,95,87,12,12,12,12,87,107,99,89,109,83,101,83,53,63,105,109,83,119",
                        "endOffsets": "157,202,251,4455,4510,4568,4630,4698,4776,4857,4918,4993,5069,5146,5224,5348,5430,5506,5582,5738,5816,5922,6028,6107,6187,6244,6302,6520,6595,6660,6726,6781,6853,6926,7114,7182,7321,7380,7439,7498,7557,7611,7665,7718,7772,7826,7880,7934,8308,8387,8460,8534,8605,8677,8749,8822,8958,9016,9089,9163,9237,9312,9425,9498,9568,9639,9738,9799,37862,37931,38001,38075,38151,38215,38292,38368,38445,38509,38574,38643,38720,38795,38864,38932,39009,39075,39172,39237,39306,39405,39476,39535,39593,39650,39709,39780,39852,39924,39996,40068,40135,40203,40271,40330,40393,40457,40547,40638,40698,40764,40831,40897,40967,41031,41084,41197,41255,41318,41383,41448,41523,41596,41668,41717,41778,41839,41900,41962,42026,42090,42154,42219,42282,42342,42403,42469,42528,42588,42650,42721,42781,42849,43390,43477,43567,43654,43742,43824,43907,43997,44088,45118,45176,45221,45287,45351,45408,45465,45519,45724,45772,45821,45872,45906,46023,46072,46118,46254,46318,46380,46440,46497,46641,46719,46812,46882,46960,47014,47084,47169,47217,47263,47334,47412,47490,47562,47636,47710,47784,47864,47937,48006,48078,48155,48207,48280,48354,48423,48498,48572,48646,48735,48805,48937,49086,49176,49264,49360,49450,50461,50550,50797,51078,51322,51607,52000,52477,52699,52921,53189,53416,53646,53876,54106,54336,54563,54802,55028,55273,55503,55751,55970,56253,56461,56592,56819,57065,57290,57537,57758,58003,58123,58399,58700,59024,59315,59629,59766,59897,60002,60244,60411,60615,60823,61094,61206,61318,61423,61540,61754,61900,62040,62126,62474,62562,62792,63210,63443,63525,63623,64240,64340,64576,65000,65239,65333,65422,65659,67711,67953,68055,68292,70476,81013,82264,92898,94161,95653,96189,96519,97580,98845,99101,99337,99884,100378,100983,101181,101761,102325,102700,102818,103356,103513,103709,103982,104238,104408,104549,104613,104895,105181,105857,106121,106459,106812,106906,107092,107398,107660,107785,107912,108151,108362,108481,108674,108851,109306,109487,109609,109868,109981,110168,110270,110714,110838,111113,111621,112117,112994,113288,113858,114007,114739,114911,115247,115339,115617,118803,122132,122194,122824,123438,123524,123637,123866,124026,124178,124349,124516,124759,124929,125102,125273,125547,125746,125951,126281,126365,126461,126557,126655,126755,126857,126959,127061,127163,127265,127365,127461,127573,127702,127825,127956,128087,128185,128299,128393,128513,128717,128786,128902,129030,129094,129298,129367,129499,129569,129709,129843,129939,130051,130151,130267,130363,130475,130575,130715,130851,131015,131145,131303,131453,131594,131738,131873,131985,132135,132263,132391,132527,132659,132789,132919,133031,133171,134457,134601,134739,134805,134895,134971,135075,135165,135267,135375,135483,135583,135663,135755,135853,135963,136041,136147,136239,136343,136453,136575,136738,136895,136975,137075,137165,137275,137369,137475,137567,137667,137779,137893,138009,138125,138219,138333,138445,138547,138667,138789,138871,138975,139095,139221,139319,139413,139501,139613,139729,139851,139963,140138,140254,140340,140432,140544,140668,140735,140861,140929,141057,141201,141329,141398,141493,141608,141721,141820,141929,142040,142151,142252,142357,142457,142587,142678,142801,142895,143007,143093,143197,143293,143381,143499,143603,143707,143833,143921,144029,144129,144219,144329,144413,144515,144599,144653,144717,144823,144933,145017,145137"
                    }
                },
                {
                    "source": "C:\\Users\\cshar\\Desktop\\TrafficReportingAppV2\\app\\src\\main\\res\\values\\dimens.xml",
                    "from": {
                        "startLines": "3,4",
                        "startColumns": "4,4",
                        "startOffsets": "151,210",
                        "endColumns": "57,55",
                        "endOffsets": "204,261"
                    },
                    "to": {
                        "startLines": "446,447",
                        "startColumns": "4,4",
                        "startOffsets": "42854,42912",
                        "endColumns": "57,55",
                        "endOffsets": "42907,42963"
                    }
                },
                {
                    "source": "C:\\Users\\cshar\\.gradle\\caches\\transforms-1\\files-1.1\\support-compat-26.1.0.aar\\caf05724c77084e454680e242e85d44b\\res\\values\\values.xml",
                    "from": {
                        "startLines": "2,3,19,20,21,22,23,24,25,26,27,28,29,30,31,32,33,34,35,36,37,38,39,40,41,42,43,44,45,46,47,48,49,53,54,58,59,60",
                        "startColumns": "4,4,4,4,4,4,4,4,4,4,4,4,4,4,4,4,4,4,4,4,4,4,4,4,4,4,4,4,4,4,4,4,4,4,4,4,4,4",
                        "startOffsets": "55,124,1153,1223,1291,1363,1433,1494,1555,1616,1678,1742,1804,1865,1933,2033,2093,2159,2232,2301,2358,2410,2472,2544,2620,2655,2690,2724,2759,2794,2864,2935,3052,3253,3363,3564,3693,3765",
                        "endLines": "2,3,19,20,21,22,23,24,25,26,27,28,29,30,31,32,33,34,35,36,37,38,39,40,41,42,43,44,45,46,47,48,52,53,57,58,59,60",
                        "endColumns": "68,62,69,67,71,69,60,60,60,61,63,61,60,67,99,59,65,72,68,56,51,61,71,75,34,34,33,34,34,69,70,116,12,109,12,128,71,66",
                        "endOffsets": "119,182,1218,1286,1358,1428,1489,1550,1611,1673,1737,1799,1860,1928,2028,2088,2154,2227,2296,2353,2405,2467,2539,2615,2650,2685,2719,2754,2789,2859,2930,3047,3248,3358,3559,3688,3760,3827"
                    },
                    "to": {
                        "startLines": "151,152,448,449,450,451,452,462,463,464,465,466,467,468,469,470,471,472,473,474,475,476,485,486,492,493,497,498,499,505,539,1811,1812,1817,1820,1825,1963,1964",
                        "startColumns": "4,4,4,4,4,4,4,4,4,4,4,4,4,4,4,4,4,4,4,4,4,4,4,4,4,4,4,4,4,4,4,4,4,4,4,4,4,4",
                        "startOffsets": "7978,8047,42968,43038,43106,43178,43248,44093,44154,44215,44277,44341,44403,44464,44532,44632,44692,44758,44831,44900,44957,45009,45524,45596,45911,45946,46123,46157,46192,46502,48942,133176,133293,133560,133853,134120,145142,145214",
                        "endLines": "151,152,448,449,450,451,452,462,463,464,465,466,467,468,469,470,471,472,473,474,475,476,485,486,492,493,497,498,499,505,539,1811,1815,1817,1823,1825,1963,1964",
                        "endColumns": "68,62,69,67,71,69,60,60,60,61,63,61,60,67,99,59,65,72,68,56,51,61,71,75,34,34,33,34,34,69,70,116,12,109,12,128,71,66",
                        "endOffsets": "8042,8105,43033,43101,43173,43243,43304,44149,44210,44272,44336,44398,44459,44527,44627,44687,44753,44826,44895,44952,45004,45066,45591,45667,45941,45976,46152,46187,46222,46567,49008,133288,133489,133665,134049,134244,145209,145276"
                    }
                },
                {
                    "source": "C:\\Users\\cshar\\Desktop\\TrafficReportingAppV2\\app\\src\\main\\res\\values\\strings.xml",
                    "from": {
                        "startLines": "2",
                        "startColumns": "4",
                        "startOffsets": "78",
                        "endColumns": "78",
                        "endOffsets": "152"
                    },
                    "to": {
                        "startLines": "537",
                        "startColumns": "4",
                        "startOffsets": "48810",
                        "endColumns": "78",
                        "endOffsets": "48884"
                    }
                },
                {
                    "source": "C:\\Users\\cshar\\.gradle\\caches\\transforms-1\\files-1.1\\easy-android-splash-screen-0.0.1.aar\\8a5a837af37338148bb9465cbdcdd8b6\\res\\values\\values.xml",
                    "from": {
                        "startLines": "3",
                        "startColumns": "4",
                        "startOffsets": "112",
                        "endLines": "6",
                        "endColumns": "12",
                        "endOffsets": "300"
                    },
                    "to": {
                        "startLines": "551",
                        "startColumns": "4",
                        "startOffsets": "49772",
                        "endLines": "554",
                        "endColumns": "12",
                        "endOffsets": "49960"
                    }
                }
            ]
        }
    ]
}