{
    "logs": [
        {
            "outputFile": "C:\\Users\\cshar\\Desktop\\TrafficReportingAppV2\\app\\build\\intermediates\\incremental\\mergeReleaseResources\\merged.dir\\values-sv\\values-sv.xml",
            "map": [
                {
                    "source": "C:\\Users\\cshar\\.gradle\\caches\\transforms-1\\files-1.1\\appcompat-v7-26.1.0.aar\\35ac2b5c7b352d0802d718e0c4ca121f\\res\\values-sv\\values-sv.xml",
                    "from": {
                        "startLines": "2,3,4,5,6,7,8,9,10,11,12,13,14,15,16,17,18,19,20,21,22",
                        "startColumns": "4,4,4,4,4,4,4,4,4,4,4,4,4,4,4,4,4,4,4,4,4",
                        "startOffsets": "55,161,269,392,495,606,691,793,906,982,1058,1138,1244,1344,1440,1545,1647,1749,1866,1968,2047",
                        "endColumns": "105,107,122,102,110,84,101,112,75,75,79,105,99,95,104,101,101,116,101,78,100",
                        "endOffsets": "156,264,387,490,601,686,788,901,977,1053,1133,1239,1339,1435,1540,1642,1744,1861,1963,2042,2143"
                    }
                }
            ]
        }
    ]
}