{
    "logs": [
        {
            "outputFile": "C:\\Users\\cshar\\Desktop\\TrafficReportingAppV2\\app\\build\\intermediates\\incremental\\mergeReleaseResources\\merged.dir\\values-ky\\values-ky.xml",
            "map": [
                {
                    "source": "C:\\Users\\cshar\\.gradle\\caches\\transforms-1\\files-1.1\\appcompat-v7-26.1.0.aar\\35ac2b5c7b352d0802d718e0c4ca121f\\res\\values-ky\\values-ky.xml",
                    "from": {
                        "startLines": "2,3,4,5,6,7,8,9,10,11,12,13,14,15,16,17,18,19,20,21,22",
                        "startColumns": "4,4,4,4,4,4,4,4,4,4,4,4,4,4,4,4,4,4,4,4,4",
                        "startOffsets": "55,159,267,390,485,604,688,795,912,990,1069,1150,1260,1367,1465,1571,1678,1779,1903,2006,2087",
                        "endColumns": "103,107,122,94,118,83,106,116,77,78,80,109,106,97,105,106,100,123,102,80,100",
                        "endOffsets": "154,262,385,480,599,683,790,907,985,1064,1145,1255,1362,1460,1566,1673,1774,1898,2001,2082,2183"
                    }
                }
            ]
        }
    ]
}