{
    "logs": [
        {
            "outputFile": "C:\\Users\\cshar\\Desktop\\TrafficReportingAppV2\\app\\build\\intermediates\\incremental\\mergeReleaseResources\\merged.dir\\values-it\\values-it.xml",
            "map": [
                {
                    "source": "C:\\Users\\cshar\\.gradle\\caches\\transforms-1\\files-1.1\\appcompat-v7-26.1.0.aar\\35ac2b5c7b352d0802d718e0c4ca121f\\res\\values-it\\values-it.xml",
                    "from": {
                        "startLines": "2,3,4,5,6,7,8,9,10,11,12,13,14,15,16,17,18,19,20,21,22",
                        "startColumns": "4,4,4,4,4,4,4,4,4,4,4,4,4,4,4,4,4,4,4,4,4",
                        "startOffsets": "55,164,272,395,495,604,688,797,922,999,1075,1156,1262,1370,1468,1572,1677,1784,1906,2006,2089",
                        "endColumns": "108,107,122,99,108,83,108,124,76,75,80,105,107,97,103,104,106,121,99,82,100",
                        "endOffsets": "159,267,390,490,599,683,792,917,994,1070,1151,1257,1365,1463,1567,1672,1779,1901,2001,2084,2185"
                    }
                }
            ]
        }
    ]
}