{
    "logs": [
        {
            "outputFile": "C:\\Users\\cshar\\Desktop\\TrafficReportingAppV2\\app\\build\\intermediates\\incremental\\mergeReleaseResources\\merged.dir\\values-fa\\values-fa.xml",
            "map": [
                {
                    "source": "C:\\Users\\cshar\\.gradle\\caches\\transforms-1\\files-1.1\\appcompat-v7-26.1.0.aar\\35ac2b5c7b352d0802d718e0c4ca121f\\res\\values-fa\\values-fa.xml",
                    "from": {
                        "startLines": "2,3,4,5,6,7,8,9,10,11,12,13,14,15,16,17,18,19,20,21,22",
                        "startColumns": "4,4,4,4,4,4,4,4,4,4,4,4,4,4,4,4,4,4,4,4,4",
                        "startOffsets": "55,165,275,401,504,615,699,802,917,996,1074,1155,1267,1370,1468,1578,1682,1791,1916,2017,2098",
                        "endColumns": "109,109,125,102,110,83,102,114,78,77,80,111,102,97,109,103,108,124,100,80,100",
                        "endOffsets": "160,270,396,499,610,694,797,912,991,1069,1150,1262,1365,1463,1573,1677,1786,1911,2012,2093,2194"
                    }
                }
            ]
        }
    ]
}