{
    "logs": [
        {
            "outputFile": "C:\\Users\\cshar\\Desktop\\TrafficReportingAppV2\\app\\build\\intermediates\\incremental\\mergeReleaseResources\\merged.dir\\values-et\\values-et.xml",
            "map": [
                {
                    "source": "C:\\Users\\cshar\\.gradle\\caches\\transforms-1\\files-1.1\\appcompat-v7-26.1.0.aar\\35ac2b5c7b352d0802d718e0c4ca121f\\res\\values-et\\values-et.xml",
                    "from": {
                        "startLines": "2,3,4,5,6,7,8,9,10,11,12,13,14,15,16,17,18,19,20,21,22",
                        "startColumns": "4,4,4,4,4,4,4,4,4,4,4,4,4,4,4,4,4,4,4,4,4",
                        "startOffsets": "55,172,280,403,510,621,707,809,926,1006,1084,1167,1278,1383,1482,1592,1693,1796,1924,2026,2108",
                        "endColumns": "116,107,122,106,110,85,101,116,79,77,82,110,104,98,109,100,102,127,101,81,100",
                        "endOffsets": "167,275,398,505,616,702,804,921,1001,1079,1162,1273,1378,1477,1587,1688,1791,1919,2021,2103,2204"
                    }
                }
            ]
        }
    ]
}