{
    "logs": [
        {
            "outputFile": "C:\\Users\\cshar\\Desktop\\TrafficReportingAppV2\\app\\build\\intermediates\\incremental\\mergeReleaseResources\\merged.dir\\values-kn\\values-kn.xml",
            "map": [
                {
                    "source": "C:\\Users\\cshar\\.gradle\\caches\\transforms-1\\files-1.1\\appcompat-v7-26.1.0.aar\\35ac2b5c7b352d0802d718e0c4ca121f\\res\\values-kn\\values-kn.xml",
                    "from": {
                        "startLines": "2,3,4,5,6,7,8,9,10,11,12,13,14,15,16,17,18,19,20,21,22",
                        "startColumns": "4,4,4,4,4,4,4,4,4,4,4,4,4,4,4,4,4,4,4,4,4",
                        "startOffsets": "55,173,281,404,516,629,717,824,951,1028,1105,1187,1303,1414,1513,1626,1730,1844,1970,2070,2152",
                        "endColumns": "117,107,122,111,112,87,106,126,76,76,81,115,110,98,112,103,113,125,99,81,100",
                        "endOffsets": "168,276,399,511,624,712,819,946,1023,1100,1182,1298,1409,1508,1621,1725,1839,1965,2065,2147,2248"
                    }
                }
            ]
        }
    ]
}