{
    "logs": [
        {
            "outputFile": "C:\\Users\\cshar\\Desktop\\TrafficReportingAppV2\\app\\build\\intermediates\\incremental\\mergeReleaseResources\\merged.dir\\values-af\\values-af.xml",
            "map": [
                {
                    "source": "C:\\Users\\cshar\\.gradle\\caches\\transforms-1\\files-1.1\\appcompat-v7-26.1.0.aar\\35ac2b5c7b352d0802d718e0c4ca121f\\res\\values-af\\values-af.xml",
                    "from": {
                        "startLines": "2,3,4,5,6,7,8,9,10,11,12,13,14,15,16,17,18,19,20,21,22",
                        "startColumns": "4,4,4,4,4,4,4,4,4,4,4,4,4,4,4,4,4,4,4,4,4",
                        "startOffsets": "55,159,267,390,490,596,681,784,902,978,1055,1136,1243,1346,1443,1551,1653,1755,1872,1970,2050",
                        "endColumns": "103,107,122,99,105,84,102,117,75,76,80,106,102,96,107,101,101,116,97,79,100",
                        "endOffsets": "154,262,385,485,591,676,779,897,973,1050,1131,1238,1341,1438,1546,1648,1750,1867,1965,2045,2146"
                    }
                }
            ]
        }
    ]
}