{
    "logs": [
        {
            "outputFile": "C:\\Users\\cshar\\Desktop\\TrafficReportingAppV2\\app\\build\\intermediates\\incremental\\mergeReleaseResources\\merged.dir\\values-az\\values-az.xml",
            "map": [
                {
                    "source": "C:\\Users\\cshar\\.gradle\\caches\\transforms-1\\files-1.1\\appcompat-v7-26.1.0.aar\\35ac2b5c7b352d0802d718e0c4ca121f\\res\\values-az\\values-az.xml",
                    "from": {
                        "startLines": "2,3,4,5,6,7,8,9,10,11,12,13,14,15,16,17,18,19,20,21",
                        "startColumns": "4,4,4,4,4,4,4,4,4,4,4,4,4,4,4,4,4,4,4,4",
                        "startOffsets": "55,163,271,394,493,605,693,800,914,995,1074,1159,1266,1373,1473,1582,1686,1796,1893,1976",
                        "endColumns": "107,107,122,98,111,87,106,113,80,78,84,106,106,99,108,103,109,96,82,100",
                        "endOffsets": "158,266,389,488,600,688,795,909,990,1069,1154,1261,1368,1468,1577,1681,1791,1888,1971,2072"
                    }
                }
            ]
        }
    ]
}