{
    "logs": [
        {
            "outputFile": "C:\\Users\\cshar\\Desktop\\TrafficReportingAppV2\\app\\build\\intermediates\\incremental\\mergeReleaseResources\\merged.dir\\values-de\\values-de.xml",
            "map": [
                {
                    "source": "C:\\Users\\cshar\\.gradle\\caches\\transforms-1\\files-1.1\\appcompat-v7-26.1.0.aar\\35ac2b5c7b352d0802d718e0c4ca121f\\res\\values-de\\values-de.xml",
                    "from": {
                        "startLines": "2,3,4,5,6,7,8,9,10,11,12,13,14,15,16,17,18,19,20,21,22",
                        "startColumns": "4,4,4,4,4,4,4,4,4,4,4,4,4,4,4,4,4,4,4,4,4",
                        "startOffsets": "55,160,268,391,489,601,687,792,907,984,1060,1142,1253,1356,1455,1566,1668,1775,1897,1999,2081",
                        "endColumns": "104,107,122,97,111,85,104,114,76,75,81,110,102,98,110,101,106,121,101,81,100",
                        "endOffsets": "155,263,386,484,596,682,787,902,979,1055,1137,1248,1351,1450,1561,1663,1770,1892,1994,2076,2177"
                    }
                }
            ]
        }
    ]
}