{
    "logs": [
        {
            "outputFile": "C:\\Users\\cshar\\Desktop\\TrafficReportingAppV2\\app\\build\\intermediates\\incremental\\mergeReleaseResources\\merged.dir\\values-ca\\values-ca.xml",
            "map": [
                {
                    "source": "C:\\Users\\cshar\\.gradle\\caches\\transforms-1\\files-1.1\\appcompat-v7-26.1.0.aar\\35ac2b5c7b352d0802d718e0c4ca121f\\res\\values-ca\\values-ca.xml",
                    "from": {
                        "startLines": "2,3,4,5,6,7,8,9,10,11,12,13,14,15,16,17,18,19,20,21,22",
                        "startColumns": "4,4,4,4,4,4,4,4,4,4,4,4,4,4,4,4,4,4,4,4,4",
                        "startOffsets": "55,173,281,404,510,617,700,808,934,1018,1099,1182,1293,1402,1500,1610,1714,1822,1945,2044,2125",
                        "endColumns": "117,107,122,105,106,82,107,125,83,80,82,110,108,97,109,103,107,122,98,80,100",
                        "endOffsets": "168,276,399,505,612,695,803,929,1013,1094,1177,1288,1397,1495,1605,1709,1817,1940,2039,2120,2221"
                    }
                }
            ]
        }
    ]
}