{
    "logs": [
        {
            "outputFile": "C:\\Users\\cshar\\Desktop\\TrafficReportingAppV2\\app\\build\\intermediates\\incremental\\mergeReleaseResources\\merged.dir\\values-mk\\values-mk.xml",
            "map": [
                {
                    "source": "C:\\Users\\cshar\\.gradle\\caches\\transforms-1\\files-1.1\\appcompat-v7-26.1.0.aar\\35ac2b5c7b352d0802d718e0c4ca121f\\res\\values-mk\\values-mk.xml",
                    "from": {
                        "startLines": "2,3,4,5,6,7,8,9,10,11,12,13,14,15,16,17,18,19,20",
                        "startColumns": "4,4,4,4,4,4,4,4,4,4,4,4,4,4,4,4,4,4,4",
                        "startOffsets": "55,163,286,390,498,584,689,808,891,973,1060,1166,1273,1374,1481,1592,1696,1794,1878",
                        "endColumns": "107,122,103,107,85,104,118,82,81,86,105,106,100,106,110,103,97,83,100",
                        "endOffsets": "158,281,385,493,579,684,803,886,968,1055,1161,1268,1369,1476,1587,1691,1789,1873,1974"
                    }
                }
            ]
        }
    ]
}