{
    "logs": [
        {
            "outputFile": "C:\\Users\\cshar\\Desktop\\TrafficReportingAppV2\\app\\build\\intermediates\\incremental\\mergeReleaseResources\\merged.dir\\values-zh-rTW\\values-zh-rTW.xml",
            "map": [
                {
                    "source": "C:\\Users\\cshar\\.gradle\\caches\\transforms-1\\files-1.1\\appcompat-v7-26.1.0.aar\\35ac2b5c7b352d0802d718e0c4ca121f\\res\\values-zh-rTW\\values-zh-rTW.xml",
                    "from": {
                        "startLines": "2,3,4,5,6,7,8,9,10,11,12,13,14,15,16,17,18,19,20,21,22",
                        "startColumns": "4,4,4,4,4,4,4,4,4,4,4,4,4,4,4,4,4,4,4,4,4",
                        "startOffsets": "55,150,257,380,473,573,655,752,860,936,1012,1090,1186,1282,1377,1474,1569,1669,1782,1876,1954",
                        "endColumns": "94,106,122,92,99,81,96,107,75,75,77,95,95,94,96,94,99,112,93,77,100",
                        "endOffsets": "145,252,375,468,568,650,747,855,931,1007,1085,1181,1277,1372,1469,1564,1664,1777,1871,1949,2050"
                    }
                }
            ]
        }
    ]
}