{
    "logs": [
        {
            "outputFile": "C:\\Users\\cshar\\Desktop\\TrafficReportingAppV2\\app\\build\\intermediates\\incremental\\mergeReleaseResources\\merged.dir\\values-bg\\values-bg.xml",
            "map": [
                {
                    "source": "C:\\Users\\cshar\\.gradle\\caches\\transforms-1\\files-1.1\\appcompat-v7-26.1.0.aar\\35ac2b5c7b352d0802d718e0c4ca121f\\res\\values-bg\\values-bg.xml",
                    "from": {
                        "startLines": "2,3,4,5,6,7,8,9,10,11,12,13,14,15,16,17,18,19,20,21,22",
                        "startColumns": "4,4,4,4,4,4,4,4,4,4,4,4,4,4,4,4,4,4,4,4,4",
                        "startOffsets": "55,170,281,409,516,621,707,812,933,1012,1090,1173,1287,1396,1496,1610,1716,1824,1947,2046,2129",
                        "endColumns": "114,110,127,106,104,85,104,120,78,77,82,113,108,99,113,105,107,122,98,82,100",
                        "endOffsets": "165,276,404,511,616,702,807,928,1007,1085,1168,1282,1391,1491,1605,1711,1819,1942,2041,2124,2225"
                    }
                }
            ]
        }
    ]
}