{
    "logs": [
        {
            "outputFile": "C:\\Users\\cshar\\Desktop\\TrafficReportingAppV2\\app\\build\\intermediates\\incremental\\mergeReleaseResources\\merged.dir\\values-tr\\values-tr.xml",
            "map": [
                {
                    "source": "C:\\Users\\cshar\\.gradle\\caches\\transforms-1\\files-1.1\\appcompat-v7-26.1.0.aar\\35ac2b5c7b352d0802d718e0c4ca121f\\res\\values-tr\\values-tr.xml",
                    "from": {
                        "startLines": "2,3,4,5,6,7,8,9,10,11,12,13,14,15,16,17,18,19,20,21,22",
                        "startColumns": "4,4,4,4,4,4,4,4,4,4,4,4,4,4,4,4,4,4,4,4,4",
                        "startOffsets": "55,160,268,391,490,602,687,793,913,992,1068,1147,1254,1359,1455,1562,1664,1772,1891,1989,2068",
                        "endColumns": "104,107,122,98,111,84,105,119,78,75,78,106,104,95,106,101,107,118,97,78,100",
                        "endOffsets": "155,263,386,485,597,682,788,908,987,1063,1142,1249,1354,1450,1557,1659,1767,1886,1984,2063,2164"
                    }
                }
            ]
        }
    ]
}