{
    "logs": [
        {
            "outputFile": "C:\\Users\\cshar\\Desktop\\TrafficReportingAppV2\\app\\build\\intermediates\\incremental\\mergeReleaseResources\\merged.dir\\values-sw600dp-v13\\values-sw600dp-v13.xml",
            "map": [
                {
                    "source": "C:\\Users\\cshar\\.gradle\\caches\\transforms-1\\files-1.1\\appcompat-v7-26.1.0.aar\\35ac2b5c7b352d0802d718e0c4ca121f\\res\\values-sw600dp-v13\\values-sw600dp-v13.xml",
                    "from": {
                        "startLines": "2,3,4,5,6,7,8,9",
                        "startColumns": "4,4,4,4,4,4,4,4",
                        "startOffsets": "55,124,193,263,337,413,472,543",
                        "endColumns": "68,68,69,73,75,58,70,67",
                        "endOffsets": "119,188,258,332,408,467,538,606"
                    }
                }
            ]
        }
    ]
}