{
    "logs": [
        {
            "outputFile": "C:\\Users\\cshar\\Desktop\\TrafficReportingAppV2\\app\\build\\intermediates\\incremental\\mergeReleaseResources\\merged.dir\\values-lt\\values-lt.xml",
            "map": [
                {
                    "source": "C:\\Users\\cshar\\.gradle\\caches\\transforms-1\\files-1.1\\appcompat-v7-26.1.0.aar\\35ac2b5c7b352d0802d718e0c4ca121f\\res\\values-lt\\values-lt.xml",
                    "from": {
                        "startLines": "2,3,4,5,6,7,8,9,10,11,12,13,14,15,16,17,18,19,20,21,22",
                        "startColumns": "4,4,4,4,4,4,4,4,4,4,4,4,4,4,4,4,4,4,4,4,4",
                        "startOffsets": "55,171,279,402,503,616,703,812,933,1015,1096,1181,1290,1399,1499,1609,1713,1826,1956,2057,2140",
                        "endColumns": "115,107,122,100,112,86,108,120,81,80,84,108,108,99,109,103,112,129,100,82,100",
                        "endOffsets": "166,274,397,498,611,698,807,928,1010,1091,1176,1285,1394,1494,1604,1708,1821,1951,2052,2135,2236"
                    }
                }
            ]
        }
    ]
}