{
    "logs": [
        {
            "outputFile": "C:\\Users\\cshar\\Desktop\\TrafficReportingAppV2\\app\\build\\intermediates\\incremental\\mergeDebugAndroidTestResources\\merged.dir\\values-ro\\values-ro.xml",
            "map": [
                {
                    "source": "C:\\Users\\cshar\\.gradle\\caches\\transforms-1\\files-1.1\\appcompat-v7-26.1.0.aar\\35ac2b5c7b352d0802d718e0c4ca121f\\res\\values-ro\\values-ro.xml",
                    "from": {
                        "startLines": "2,3,4,5,6,7,8,9,10,11,12,13,14,15,16,17,18,19,20,21,22",
                        "startColumns": "4,4,4,4,4,4,4,4,4,4,4,4,4,4,4,4,4,4,4,4,4",
                        "startOffsets": "55,176,284,407,511,624,712,824,945,1030,1111,1194,1306,1419,1519,1633,1738,1844,1965,2068,2151",
                        "endColumns": "120,107,122,103,112,87,111,120,84,80,82,111,112,99,113,104,105,120,102,82,100",
                        "endOffsets": "171,279,402,506,619,707,819,940,1025,1106,1189,1301,1414,1514,1628,1733,1839,1960,2063,2146,2247"
                    }
                }
            ]
        }
    ]
}