{
    "logs": [
        {
            "outputFile": "C:\\Users\\cshar\\Desktop\\TrafficReportingAppV2\\app\\build\\intermediates\\incremental\\mergeDebugAndroidTestResources\\merged.dir\\values-bs\\values-bs.xml",
            "map": [
                {
                    "source": "C:\\Users\\cshar\\.gradle\\caches\\transforms-1\\files-1.1\\appcompat-v7-26.1.0.aar\\35ac2b5c7b352d0802d718e0c4ca121f\\res\\values-bs\\values-bs.xml",
                    "from": {
                        "startLines": "2,3,4,5,6,7,8,9,10,11,12,13,14,15,16,17,18,19,20,21,22",
                        "startColumns": "4,4,4,4,4,4,4,4,4,4,4,4,4,4,4,4,4,4,4,4,4",
                        "startOffsets": "55,174,282,405,514,621,707,808,930,1012,1093,1179,1282,1387,1485,1590,1701,1806,1926,2023,2107",
                        "endColumns": "118,107,122,108,106,85,100,121,81,80,85,102,104,97,104,110,104,119,96,83,100",
                        "endOffsets": "169,277,400,509,616,702,803,925,1007,1088,1174,1277,1382,1480,1585,1696,1801,1921,2018,2102,2203"
                    }
                }
            ]
        }
    ]
}