{
    "logs": [
        {
            "outputFile": "C:\\Users\\cshar\\Desktop\\TrafficReportingAppV2\\app\\build\\intermediates\\incremental\\mergeDebugAndroidTestResources\\merged.dir\\values-ka\\values-ka.xml",
            "map": [
                {
                    "source": "C:\\Users\\cshar\\.gradle\\caches\\transforms-1\\files-1.1\\appcompat-v7-26.1.0.aar\\35ac2b5c7b352d0802d718e0c4ca121f\\res\\values-ka\\values-ka.xml",
                    "from": {
                        "startLines": "2,3,4,5,6,7,8,9,10,11,12,13,14,15,16,17,18,19,20,21,22",
                        "startColumns": "4,4,4,4,4,4,4,4,4,4,4,4,4,4,4,4,4,4,4,4,4",
                        "startOffsets": "55,164,272,395,499,610,698,803,916,1000,1082,1165,1278,1385,1483,1596,1700,1804,1926,2024,2105",
                        "endColumns": "108,107,122,103,110,87,104,112,83,81,82,112,106,97,112,103,103,121,97,80,100",
                        "endOffsets": "159,267,390,494,605,693,798,911,995,1077,1160,1273,1380,1478,1591,1695,1799,1921,2019,2100,2201"
                    }
                }
            ]
        }
    ]
}