{
    "logs": [
        {
            "outputFile": "C:\\Users\\cshar\\Desktop\\TrafficReportingAppV2\\app\\build\\intermediates\\incremental\\mergeDebugAndroidTestResources\\merged.dir\\values-uz\\values-uz.xml",
            "map": [
                {
                    "source": "C:\\Users\\cshar\\.gradle\\caches\\transforms-1\\files-1.1\\appcompat-v7-26.1.0.aar\\35ac2b5c7b352d0802d718e0c4ca121f\\res\\values-uz\\values-uz.xml",
                    "from": {
                        "startLines": "2,3,4,5,6,7,8,9,10,11,12,13,14,15,16,17,18,19,20,21,22",
                        "startColumns": "4,4,4,4,4,4,4,4,4,4,4,4,4,4,4,4,4,4,4,4,4",
                        "startOffsets": "55,160,268,391,495,609,695,806,922,1002,1081,1165,1274,1381,1482,1590,1695,1802,1926,2025,2109",
                        "endColumns": "104,107,122,103,113,85,110,115,79,78,83,108,106,100,107,104,106,123,98,83,100",
                        "endOffsets": "155,263,386,490,604,690,801,917,997,1076,1160,1269,1376,1477,1585,1690,1797,1921,2020,2104,2205"
                    }
                }
            ]
        }
    ]
}