{
    "logs": [
        {
            "outputFile": "C:\\Users\\cshar\\Desktop\\TrafficReportingAppV2\\app\\build\\intermediates\\incremental\\mergeDebugAndroidTestResources\\merged.dir\\values-fr\\values-fr.xml",
            "map": [
                {
                    "source": "C:\\Users\\cshar\\.gradle\\caches\\transforms-1\\files-1.1\\appcompat-v7-26.1.0.aar\\35ac2b5c7b352d0802d718e0c4ca121f\\res\\values-fr\\values-fr.xml",
                    "from": {
                        "startLines": "2,3,4,5,6,7,8,9,10,11,12,13,14,15,16,17,18,19,20,21,22",
                        "startColumns": "4,4,4,4,4,4,4,4,4,4,4,4,4,4,4,4,4,4,4,4,4",
                        "startOffsets": "55,166,274,397,512,623,705,811,941,1024,1104,1190,1300,1412,1515,1626,1733,1840,1962,2061,2147",
                        "endColumns": "110,107,122,114,110,81,105,129,82,79,85,109,111,102,110,106,106,121,98,85,100",
                        "endOffsets": "161,269,392,507,618,700,806,936,1019,1099,1185,1295,1407,1510,1621,1728,1835,1957,2056,2142,2243"
                    }
                }
            ]
        }
    ]
}