{
    "logs": [
        {
            "outputFile": "C:\\Users\\cshar\\Desktop\\TrafficReportingAppV2\\app\\build\\intermediates\\incremental\\mergeDebugAndroidTestResources\\merged.dir\\values-pa\\values-pa.xml",
            "map": [
                {
                    "source": "C:\\Users\\cshar\\.gradle\\caches\\transforms-1\\files-1.1\\appcompat-v7-26.1.0.aar\\35ac2b5c7b352d0802d718e0c4ca121f\\res\\values-pa\\values-pa.xml",
                    "from": {
                        "startLines": "2,3,4,5,6,7,8,9,10,11,12,13,14,15,16,17,18,19,20,21,22",
                        "startColumns": "4,4,4,4,4,4,4,4,4,4,4,4,4,4,4,4,4,4,4,4,4",
                        "startOffsets": "55,161,269,392,497,602,688,788,901,978,1054,1133,1234,1335,1432,1541,1640,1750,1872,1972,2051",
                        "endColumns": "105,107,122,104,104,85,99,112,76,75,78,100,100,96,108,98,109,121,99,78,100",
                        "endOffsets": "156,264,387,492,597,683,783,896,973,1049,1128,1229,1330,1427,1536,1635,1745,1867,1967,2046,2147"
                    }
                }
            ]
        }
    ]
}