{
    "logs": [
        {
            "outputFile": "C:\\Users\\cshar\\Desktop\\TrafficReportingAppV2\\app\\build\\intermediates\\incremental\\mergeDebugAndroidTestResources\\merged.dir\\values-lv\\values-lv.xml",
            "map": [
                {
                    "source": "C:\\Users\\cshar\\.gradle\\caches\\transforms-1\\files-1.1\\appcompat-v7-26.1.0.aar\\35ac2b5c7b352d0802d718e0c4ca121f\\res\\values-lv\\values-lv.xml",
                    "from": {
                        "startLines": "2,3,4,5,6,7,8,9,10,11,12,13,14,15,16,17,18,19,20,21,22",
                        "startColumns": "4,4,4,4,4,4,4,4,4,4,4,4,4,4,4,4,4,4,4,4,4",
                        "startOffsets": "55,175,283,406,514,623,709,813,935,1017,1099,1184,1293,1405,1504,1615,1724,1829,1948,2047,2129",
                        "endColumns": "119,107,122,107,108,85,103,121,81,81,84,108,111,98,110,108,104,118,98,81,100",
                        "endOffsets": "170,278,401,509,618,704,808,930,1012,1094,1179,1288,1400,1499,1610,1719,1824,1943,2042,2124,2225"
                    }
                }
            ]
        }
    ]
}