{
    "logs": [
        {
            "outputFile": "C:\\Users\\cshar\\Desktop\\TrafficReportingAppV2\\app\\build\\intermediates\\incremental\\mergeDebugAndroidTestResources\\merged.dir\\values-lo\\values-lo.xml",
            "map": [
                {
                    "source": "C:\\Users\\cshar\\.gradle\\caches\\transforms-1\\files-1.1\\appcompat-v7-26.1.0.aar\\35ac2b5c7b352d0802d718e0c4ca121f\\res\\values-lo\\values-lo.xml",
                    "from": {
                        "startLines": "2,3,4,5,6,7,8,9,10,11,12,13,14,15,16,17,18,19,20,21,22",
                        "startColumns": "4,4,4,4,4,4,4,4,4,4,4,4,4,4,4,4,4,4,4,4,4",
                        "startOffsets": "55,158,266,389,486,593,678,783,895,972,1050,1130,1237,1334,1432,1537,1640,1744,1866,1962,2043",
                        "endColumns": "102,107,122,96,106,84,104,111,76,77,79,106,96,97,104,102,103,121,95,80,100",
                        "endOffsets": "153,261,384,481,588,673,778,890,967,1045,1125,1232,1329,1427,1532,1635,1739,1861,1957,2038,2139"
                    }
                }
            ]
        }
    ]
}