{
    "logs": [
        {
            "outputFile": "C:\\Users\\cshar\\Desktop\\TrafficReportingAppV2\\app\\build\\intermediates\\incremental\\mergeDebugAndroidTestResources\\merged.dir\\values-en-rAU\\values-en-rAU.xml",
            "map": [
                {
                    "source": "C:\\Users\\cshar\\.gradle\\caches\\transforms-1\\files-1.1\\appcompat-v7-26.1.0.aar\\35ac2b5c7b352d0802d718e0c4ca121f\\res\\values-en-rAU\\values-en-rAU.xml",
                    "from": {
                        "startLines": "2,3,4,5,6,7,8,9,10,11,12,13,14,15,16,17,18,19,20,21,22",
                        "startColumns": "4,4,4,4,4,4,4,4,4,4,4,4,4,4,4,4,4,4,4,4,4",
                        "startOffsets": "55,159,267,390,490,598,682,782,897,974,1050,1132,1235,1339,1438,1543,1646,1750,1869,1969,2051",
                        "endColumns": "103,107,122,99,107,83,99,114,76,75,81,102,103,98,104,102,103,118,99,81,100",
                        "endOffsets": "154,262,385,485,593,677,777,892,969,1045,1127,1230,1334,1433,1538,1641,1745,1864,1964,2046,2147"
                    }
                }
            ]
        }
    ]
}