{
    "logs": [
        {
            "outputFile": "C:\\Users\\cshar\\Desktop\\TrafficReportingAppV2\\app\\build\\intermediates\\incremental\\mergeDebugAndroidTestResources\\merged.dir\\values-gl\\values-gl.xml",
            "map": [
                {
                    "source": "C:\\Users\\cshar\\.gradle\\caches\\transforms-1\\files-1.1\\appcompat-v7-26.1.0.aar\\35ac2b5c7b352d0802d718e0c4ca121f\\res\\values-gl\\values-gl.xml",
                    "from": {
                        "startLines": "2,3,4,5,6,7,8,9,10,11,12,13,14,15,16,17,18,19,20,21,22",
                        "startColumns": "4,4,4,4,4,4,4,4,4,4,4,4,4,4,4,4,4,4,4,4,4",
                        "startOffsets": "55,167,275,398,510,618,703,805,931,1015,1096,1178,1285,1394,1493,1601,1705,1812,1934,2034,2116",
                        "endColumns": "111,107,122,111,107,84,101,125,83,80,81,106,108,98,107,103,106,121,99,81,100",
                        "endOffsets": "162,270,393,505,613,698,800,926,1010,1091,1173,1280,1389,1488,1596,1700,1807,1929,2029,2111,2212"
                    }
                }
            ]
        }
    ]
}