{
    "logs": [
        {
            "outputFile": "C:\\Users\\cshar\\Desktop\\TrafficReportingAppV2\\app\\build\\intermediates\\incremental\\mergeDebugAndroidTestResources\\merged.dir\\values-am\\values-am.xml",
            "map": [
                {
                    "source": "C:\\Users\\cshar\\.gradle\\caches\\transforms-1\\files-1.1\\appcompat-v7-26.1.0.aar\\35ac2b5c7b352d0802d718e0c4ca121f\\res\\values-am\\values-am.xml",
                    "from": {
                        "startLines": "2,3,4,5,6,7,8,9,10,11,12,13,14,15,16,17,18,19,20,21,22",
                        "startColumns": "4,4,4,4,4,4,4,4,4,4,4,4,4,4,4,4,4,4,4,4,4",
                        "startOffsets": "55,157,265,388,487,593,679,782,895,973,1051,1130,1230,1330,1426,1529,1628,1735,1851,1947,2026",
                        "endColumns": "101,107,122,98,105,85,102,112,77,77,78,99,99,95,102,98,106,115,95,78,100",
                        "endOffsets": "152,260,383,482,588,674,777,890,968,1046,1125,1225,1325,1421,1524,1623,1730,1846,1942,2021,2122"
                    }
                }
            ]
        }
    ]
}