{
    "logs": [
        {
            "outputFile": "C:\\Users\\cshar\\Desktop\\TrafficReportingAppV2\\app\\build\\intermediates\\incremental\\mergeDebugAndroidTestResources\\merged.dir\\values-uk\\values-uk.xml",
            "map": [
                {
                    "source": "C:\\Users\\cshar\\.gradle\\caches\\transforms-1\\files-1.1\\appcompat-v7-26.1.0.aar\\35ac2b5c7b352d0802d718e0c4ca121f\\res\\values-uk\\values-uk.xml",
                    "from": {
                        "startLines": "2,3,4,5,6,7,8,9,10,11,12,13,14,15,16,17,18,19,20,21,22",
                        "startColumns": "4,4,4,4,4,4,4,4,4,4,4,4,4,4,4,4,4,4,4,4,4",
                        "startOffsets": "55,165,273,396,498,604,690,798,916,995,1075,1156,1262,1369,1467,1575,1681,1790,1914,2014,2095",
                        "endColumns": "109,107,122,101,105,85,107,117,78,79,80,105,106,97,107,105,108,123,99,80,100",
                        "endOffsets": "160,268,391,493,599,685,793,911,990,1070,1151,1257,1364,1462,1570,1676,1785,1909,2009,2090,2191"
                    }
                }
            ]
        }
    ]
}