{
    "logs": [
        {
            "outputFile": "C:\\Users\\cshar\\Desktop\\TrafficReportingAppV2\\app\\build\\intermediates\\incremental\\mergeDebugAndroidTestResources\\merged.dir\\values-te\\values-te.xml",
            "map": [
                {
                    "source": "C:\\Users\\cshar\\.gradle\\caches\\transforms-1\\files-1.1\\appcompat-v7-26.1.0.aar\\35ac2b5c7b352d0802d718e0c4ca121f\\res\\values-te\\values-te.xml",
                    "from": {
                        "startLines": "2,3,4,5,6,7,8,9,10,11,12,13,14,15,16,17,18,19,20,21,22",
                        "startColumns": "4,4,4,4,4,4,4,4,4,4,4,4,4,4,4,4,4,4,4,4,4",
                        "startOffsets": "55,169,277,400,509,620,710,815,940,1022,1104,1189,1302,1410,1510,1621,1723,1840,1967,2068,2151",
                        "endColumns": "113,107,122,108,110,89,104,124,81,81,84,112,107,99,110,101,116,126,100,82,100",
                        "endOffsets": "164,272,395,504,615,705,810,935,1017,1099,1184,1297,1405,1505,1616,1718,1835,1962,2063,2146,2247"
                    }
                }
            ]
        }
    ]
}