{
    "logs": [
        {
            "outputFile": "C:\\Users\\cshar\\Desktop\\TrafficReportingAppV2\\app\\build\\intermediates\\incremental\\mergeDebugAndroidTestResources\\merged.dir\\values-b+sr+Latn\\values-b+sr+Latn.xml",
            "map": [
                {
                    "source": "C:\\Users\\cshar\\.gradle\\caches\\transforms-1\\files-1.1\\appcompat-v7-26.1.0.aar\\35ac2b5c7b352d0802d718e0c4ca121f\\res\\values-b+sr+Latn\\values-b+sr+Latn.xml",
                    "from": {
                        "startLines": "2,3,4,5,6,7,8,9,10,11,12,13,14,15,16,17,18,19,20,21,22",
                        "startColumns": "4,4,4,4,4,4,4,4,4,4,4,4,4,4,4,4,4,4,4,4,4",
                        "startOffsets": "55,164,272,395,499,605,691,795,913,995,1076,1164,1270,1378,1479,1584,1692,1793,1921,2018,2102",
                        "endColumns": "108,107,122,103,105,85,103,117,81,80,87,105,107,100,104,107,100,127,96,83,100",
                        "endOffsets": "159,267,390,494,600,686,790,908,990,1071,1159,1265,1373,1474,1579,1687,1788,1916,2013,2097,2198"
                    }
                }
            ]
        }
    ]
}