{
    "logs": [
        {
            "outputFile": "C:\\Users\\cshar\\Desktop\\TrafficReportingAppV2\\app\\build\\intermediates\\incremental\\mergeDebugAndroidTestResources\\merged.dir\\values-tl\\values-tl.xml",
            "map": [
                {
                    "source": "C:\\Users\\cshar\\.gradle\\caches\\transforms-1\\files-1.1\\appcompat-v7-26.1.0.aar\\35ac2b5c7b352d0802d718e0c4ca121f\\res\\values-tl\\values-tl.xml",
                    "from": {
                        "startLines": "2,3,4,5,6,7,8,9,10,11,12,13,14,15,16,17,18,19,20,21,22",
                        "startColumns": "4,4,4,4,4,4,4,4,4,4,4,4,4,4,4,4,4,4,4,4,4",
                        "startOffsets": "55,174,282,405,513,630,718,824,945,1024,1102,1186,1295,1406,1507,1617,1734,1842,1965,2067,2151",
                        "endColumns": "118,107,122,107,116,87,105,120,78,77,83,108,110,100,109,116,107,122,101,83,100",
                        "endOffsets": "169,277,400,508,625,713,819,940,1019,1097,1181,1290,1401,1502,1612,1729,1837,1960,2062,2146,2247"
                    }
                }
            ]
        }
    ]
}