{
    "logs": [
        {
            "outputFile": "C:\\Users\\cshar\\Desktop\\TrafficReportingAppV2\\app\\build\\intermediates\\incremental\\mergeDebugAndroidTestResources\\merged.dir\\values-ko\\values-ko.xml",
            "map": [
                {
                    "source": "C:\\Users\\cshar\\.gradle\\caches\\transforms-1\\files-1.1\\appcompat-v7-26.1.0.aar\\35ac2b5c7b352d0802d718e0c4ca121f\\res\\values-ko\\values-ko.xml",
                    "from": {
                        "startLines": "2,3,4,5,6,7,8,9,10,11,12,13,14,15,16,17,18,19,20,21,22",
                        "startColumns": "4,4,4,4,4,4,4,4,4,4,4,4,4,4,4,4,4,4,4,4,4",
                        "startOffsets": "55,150,258,381,475,577,659,757,863,942,1018,1098,1196,1291,1386,1486,1582,1681,1796,1890,1968",
                        "endColumns": "94,107,122,93,101,81,97,105,78,75,79,97,94,94,99,95,98,114,93,77,100",
                        "endOffsets": "145,253,376,470,572,654,752,858,937,1013,1093,1191,1286,1381,1481,1577,1676,1791,1885,1963,2064"
                    }
                }
            ]
        }
    ]
}