{
    "logs": [
        {
            "outputFile": "C:\\Users\\cshar\\Desktop\\TrafficReportingAppV2\\app\\build\\intermediates\\incremental\\mergeDebugAndroidTestResources\\merged.dir\\values-ml\\values-ml.xml",
            "map": [
                {
                    "source": "C:\\Users\\cshar\\.gradle\\caches\\transforms-1\\files-1.1\\appcompat-v7-26.1.0.aar\\35ac2b5c7b352d0802d718e0c4ca121f\\res\\values-ml\\values-ml.xml",
                    "from": {
                        "startLines": "2,3,4,5,6,7,8,9,10,11,12,13,14,15,16,17,18,19,20,21,22",
                        "startColumns": "4,4,4,4,4,4,4,4,4,4,4,4,4,4,4,4,4,4,4,4,4",
                        "startOffsets": "55,174,282,405,523,638,731,836,968,1045,1121,1203,1314,1420,1518,1632,1732,1843,1971,2072,2154",
                        "endColumns": "118,107,122,117,114,92,104,131,76,75,81,110,105,97,113,99,110,127,100,81,100",
                        "endOffsets": "169,277,400,518,633,726,831,963,1040,1116,1198,1309,1415,1513,1627,1727,1838,1966,2067,2149,2250"
                    }
                }
            ]
        }
    ]
}