{
    "logs": [
        {
            "outputFile": "C:\\Users\\cshar\\Desktop\\TrafficReportingAppV2\\app\\build\\intermediates\\incremental\\mergeDebugAndroidTestResources\\merged.dir\\values-land\\values-land.xml",
            "map": [
                {
                    "source": "C:\\Users\\cshar\\.gradle\\caches\\transforms-1\\files-1.1\\appcompat-v7-26.1.0.aar\\35ac2b5c7b352d0802d718e0c4ca121f\\res\\values-land\\values-land.xml",
                    "from": {
                        "startLines": "2,3,4,5",
                        "startColumns": "4,4,4,4",
                        "startOffsets": "55,125,189,260",
                        "endColumns": "69,63,70,67",
                        "endOffsets": "120,184,255,323"
                    }
                }
            ]
        }
    ]
}