{
    "logs": [
        {
            "outputFile": "C:\\Users\\cshar\\Desktop\\TrafficReportingAppV2\\app\\build\\intermediates\\incremental\\mergeDebugAndroidTestResources\\merged.dir\\values-my\\values-my.xml",
            "map": [
                {
                    "source": "C:\\Users\\cshar\\.gradle\\caches\\transforms-1\\files-1.1\\appcompat-v7-26.1.0.aar\\35ac2b5c7b352d0802d718e0c4ca121f\\res\\values-my\\values-my.xml",
                    "from": {
                        "startLines": "2,3,4,5,6,7,8,9,10,11,12,13,14,15,16,17,18,19,20,21,22",
                        "startColumns": "4,4,4,4,4,4,4,4,4,4,4,4,4,4,4,4,4,4,4,4,4",
                        "startOffsets": "55,164,272,397,502,619,712,824,952,1030,1109,1195,1318,1430,1532,1658,1769,1879,2002,2102,2186",
                        "endColumns": "108,107,124,104,116,92,111,127,77,78,85,122,111,101,125,110,109,122,99,83,100",
                        "endOffsets": "159,267,392,497,614,707,819,947,1025,1104,1190,1313,1425,1527,1653,1764,1874,1997,2097,2181,2282"
                    }
                }
            ]
        }
    ]
}