{
    "logs": [
        {
            "outputFile": "C:\\Users\\cshar\\Desktop\\TrafficReportingAppV2\\app\\build\\intermediates\\incremental\\mergeDebugAndroidTestResources\\merged.dir\\values-zh-rCN\\values-zh-rCN.xml",
            "map": [
                {
                    "source": "C:\\Users\\cshar\\.gradle\\caches\\transforms-1\\files-1.1\\appcompat-v7-26.1.0.aar\\35ac2b5c7b352d0802d718e0c4ca121f\\res\\values-zh-rCN\\values-zh-rCN.xml",
                    "from": {
                        "startLines": "2,3,4,5,6,7,8,9,10,11,12,13,14,15,16,17,18,19,20,21,22",
                        "startColumns": "4,4,4,4,4,4,4,4,4,4,4,4,4,4,4,4,4,4,4,4,4",
                        "startOffsets": "55,151,258,381,476,576,658,755,861,937,1013,1091,1187,1283,1378,1475,1570,1668,1780,1874,1952",
                        "endColumns": "95,106,122,94,99,81,96,105,75,75,77,95,95,94,96,94,97,111,93,77,100",
                        "endOffsets": "146,253,376,471,571,653,750,856,932,1008,1086,1182,1278,1373,1470,1565,1663,1775,1869,1947,2048"
                    }
                }
            ]
        }
    ]
}