{
    "logs": [
        {
            "outputFile": "C:\\Users\\cshar\\Desktop\\TrafficReportingAppV2\\app\\build\\intermediates\\incremental\\mergeDebugResources\\merged.dir\\values-nb\\values-nb.xml",
            "map": [
                {
                    "source": "C:\\Users\\cshar\\.gradle\\caches\\transforms-1\\files-1.1\\appcompat-v7-26.1.0.aar\\35ac2b5c7b352d0802d718e0c4ca121f\\res\\values-nb\\values-nb.xml",
                    "from": {
                        "startLines": "2,3,4,5,6,7,8,9,10,11,12,13,14,15,16,17,18,19,20,21,22",
                        "startColumns": "4,4,4,4,4,4,4,4,4,4,4,4,4,4,4,4,4,4,4,4,4",
                        "startOffsets": "55,163,272,397,492,606,692,792,905,981,1057,1137,1240,1339,1435,1539,1637,1738,1854,1951,2030",
                        "endColumns": "107,108,124,94,113,85,99,112,75,75,79,102,98,95,103,97,100,115,96,78,100",
                        "endOffsets": "158,267,392,487,601,687,787,900,976,1052,1132,1235,1334,1430,1534,1632,1733,1849,1946,2025,2126"
                    }
                }
            ]
        }
    ]
}