{
    "logs": [
        {
            "outputFile": "C:\\Users\\cshar\\Desktop\\TrafficReportingAppV2\\app\\build\\intermediates\\incremental\\mergeDebugResources\\merged.dir\\values-fi\\values-fi.xml",
            "map": [
                {
                    "source": "C:\\Users\\cshar\\.gradle\\caches\\transforms-1\\files-1.1\\appcompat-v7-26.1.0.aar\\35ac2b5c7b352d0802d718e0c4ca121f\\res\\values-fi\\values-fi.xml",
                    "from": {
                        "startLines": "2,3,4,5,6,7,8,9,10,11,12,13,14,15,16,17,18,19,20,21,22",
                        "startColumns": "4,4,4,4,4,4,4,4,4,4,4,4,4,4,4,4,4,4,4,4,4",
                        "startOffsets": "55,163,271,394,494,595,681,786,904,991,1073,1153,1260,1363,1460,1566,1665,1769,1888,1987,2067",
                        "endColumns": "107,107,122,99,100,85,104,117,86,81,79,106,102,96,105,98,103,118,98,79,100",
                        "endOffsets": "158,266,389,489,590,676,781,899,986,1068,1148,1255,1358,1455,1561,1660,1764,1883,1982,2062,2163"
                    }
                }
            ]
        }
    ]
}