{
    "logs": [
        {
            "outputFile": "C:\\Users\\cshar\\Desktop\\TrafficReportingAppV2\\app\\build\\intermediates\\incremental\\mergeDebugResources\\merged.dir\\values-es\\values-es.xml",
            "map": [
                {
                    "source": "C:\\Users\\cshar\\.gradle\\caches\\transforms-1\\files-1.1\\appcompat-v7-26.1.0.aar\\35ac2b5c7b352d0802d718e0c4ca121f\\res\\values-es\\values-es.xml",
                    "from": {
                        "startLines": "2,3,4,5,6,7,8,9,10,11,12,13,14,15,16,17,18,19,20,21,22",
                        "startColumns": "4,4,4,4,4,4,4,4,4,4,4,4,4,4,4,4,4,4,4,4,4",
                        "startOffsets": "55,172,280,403,516,624,709,810,938,1023,1105,1187,1294,1394,1493,1601,1708,1815,1937,2037,2119",
                        "endColumns": "116,107,122,112,107,84,100,127,84,81,81,106,99,98,107,106,106,121,99,81,100",
                        "endOffsets": "167,275,398,511,619,704,805,933,1018,1100,1182,1289,1389,1488,1596,1703,1810,1932,2032,2114,2215"
                    }
                }
            ]
        }
    ]
}