{
    "logs": [
        {
            "outputFile": "C:\\Users\\cshar\\Desktop\\TrafficReportingAppV2\\app\\build\\intermediates\\incremental\\mergeDebugResources\\merged.dir\\values-sl\\values-sl.xml",
            "map": [
                {
                    "source": "C:\\Users\\cshar\\.gradle\\caches\\transforms-1\\files-1.1\\appcompat-v7-26.1.0.aar\\35ac2b5c7b352d0802d718e0c4ca121f\\res\\values-sl\\values-sl.xml",
                    "from": {
                        "startLines": "2,3,4,5,6,7,8,9,10,11,12,13,14,15,16,17,18,19,20,21,22",
                        "startColumns": "4,4,4,4,4,4,4,4,4,4,4,4,4,4,4,4,4,4,4,4,4",
                        "startOffsets": "55,162,270,393,500,608,695,798,917,1002,1086,1170,1278,1387,1487,1600,1707,1811,1928,2025,2108",
                        "endColumns": "106,107,122,106,107,86,102,118,84,83,83,107,108,99,112,106,103,116,96,82,100",
                        "endOffsets": "157,265,388,495,603,690,793,912,997,1081,1165,1273,1382,1482,1595,1702,1806,1923,2020,2103,2204"
                    }
                }
            ]
        }
    ]
}