{
    "logs": [
        {
            "outputFile": "C:\\Users\\cshar\\Desktop\\TrafficReportingAppV2\\app\\build\\intermediates\\incremental\\mergeDebugResources\\merged.dir\\values-be\\values-be.xml",
            "map": [
                {
                    "source": "C:\\Users\\cshar\\.gradle\\caches\\transforms-1\\files-1.1\\appcompat-v7-26.1.0.aar\\35ac2b5c7b352d0802d718e0c4ca121f\\res\\values-be\\values-be.xml",
                    "from": {
                        "startLines": "2,3,4,5,6,7,8,9,10,11,12,13,14,15,16,17,18,19,20,21,22",
                        "startColumns": "4,4,4,4,4,4,4,4,4,4,4,4,4,4,4,4,4,4,4,4,4",
                        "startOffsets": "55,175,283,406,509,625,711,819,937,1016,1094,1177,1283,1389,1487,1595,1700,1805,1925,2025,2106",
                        "endColumns": "119,107,122,102,115,85,107,117,78,77,82,105,105,97,107,104,104,119,99,80,108",
                        "endOffsets": "170,278,401,504,620,706,814,932,1011,1089,1172,1278,1384,1482,1590,1695,1800,1920,2020,2101,2210"
                    }
                }
            ]
        }
    ]
}