{
    "logs": [
        {
            "outputFile": "C:\\Users\\cshar\\Desktop\\TrafficReportingAppV2\\app\\build\\intermediates\\incremental\\mergeDebugResources\\merged.dir\\values-bn\\values-bn.xml",
            "map": [
                {
                    "source": "C:\\Users\\cshar\\.gradle\\caches\\transforms-1\\files-1.1\\appcompat-v7-26.1.0.aar\\35ac2b5c7b352d0802d718e0c4ca121f\\res\\values-bn\\values-bn.xml",
                    "from": {
                        "startLines": "2,3,4,5,6,7,8,9,10,11,12,13,14,15,16,17,18,19,20,21,22",
                        "startColumns": "4,4,4,4,4,4,4,4,4,4,4,4,4,4,4,4,4,4,4,4,4",
                        "startOffsets": "55,164,272,395,507,613,707,812,941,1019,1097,1184,1294,1410,1517,1627,1733,1846,1974,2079,2169",
                        "endColumns": "108,107,122,111,105,93,104,128,77,77,86,109,115,106,109,105,112,127,104,89,100",
                        "endOffsets": "159,267,390,502,608,702,807,936,1014,1092,1179,1289,1405,1512,1622,1728,1841,1969,2074,2164,2265"
                    }
                }
            ]
        }
    ]
}