{
    "logs": [
        {
            "outputFile": "C:\\Users\\cshar\\Desktop\\TrafficReportingAppV2\\app\\build\\intermediates\\incremental\\mergeDebugResources\\merged.dir\\values-large-v4\\values-large-v4.xml",
            "map": [
                {
                    "source": "C:\\Users\\cshar\\.gradle\\caches\\transforms-1\\files-1.1\\appcompat-v7-26.1.0.aar\\35ac2b5c7b352d0802d718e0c4ca121f\\res\\values-large-v4\\values-large-v4.xml",
                    "from": {
                        "startLines": "2,3,4,5,6,7,8,9,10",
                        "startColumns": "4,4,4,4,4,4,4,4,4",
                        "startOffsets": "55,114,185,256,326,396,464,532,636",
                        "endColumns": "58,70,70,69,69,67,67,103,115",
                        "endOffsets": "109,180,251,321,391,459,527,631,747"
                    }
                }
            ]
        }
    ]
}