{
    "logs": [
        {
            "outputFile": "C:\\Users\\cshar\\Desktop\\TrafficReportingAppV2\\app\\build\\intermediates\\incremental\\mergeDebugResources\\merged.dir\\values\\values.xml",
            "map": [
                {
                    "source": "C:\\Users\\cshar\\Desktop\\TrafficReportingAppV2\\app\\src\\main\\res\\values\\colors.xml",
                    "from": {
                        "startLines": "-1,-1,-1,-1,-1,-1,-1,-1,-1,-1,-1,-1,-1,-1,-1,-1,-1,-1,-1",
                        "startColumns": "-1,-1,-1,-1,-1,-1,-1,-1,-1,-1,-1,-1,-1,-1,-1,-1,-1,-1,-1",
                        "startOffsets": "-1,-1,-1,-1,-1,-1,-1,-1,-1,-1,-1,-1,-1,-1,-1,-1,-1,-1,-1"
                    },
                    "to": {
                        "startLines": "106,111,112,121,122,123,131,132,133,136,137,150,154,163,164,171,176,179,180",
                        "startColumns": "4,4,4,4,4,4,4,4,4,4,4,4,4,4,4,4,4,4,4",
                        "startOffsets": "5229,5587,5627,6307,6353,6400,6931,6973,7012,7187,7226,7939,8199,8827,8868,9317,9644,9804,9844",
                        "endColumns": "38,39,38,45,46,50,41,38,39,38,40,38,39,40,37,40,38,39,40",
                        "endOffsets": "5263,5622,5661,6348,6395,6446,6968,7007,7047,7221,7262,7973,8234,8863,8901,9353,9678,9839,9880"
                    }
                },
                {
                    "source": "C:\\Users\\cshar\\.gradle\\caches\\transforms-1\\files-1.1\\support-media-compat-26.1.0.aar\\437840502ae6e24030401a9427ace2b5\\res\\values\\values.xml",
                    "from": {
                        "startLines": "-1,-1,-1,-1,-1,-1",
                        "startColumns": "-1,-1,-1,-1,-1,-1",
                        "startOffsets": "-1,-1,-1,-1,-1,-1"
                    },
                    "to": {
                        "startLines": "153,1814,1816,1817,1822,1824",
                        "startColumns": "4,4,4,4,4,4",
                        "startOffsets": "8110,132023,132199,132321,132583,132778",
                        "endColumns": "88,65,121,60,65,66",
                        "endOffsets": "8194,132084,132316,132377,132644,132840"
                    }
                },
                {
                    "source": "C:\\Users\\cshar\\Desktop\\TrafficReportingAppV2\\app\\src\\main\\res\\values\\styles.xml",
                    "from": {
                        "startLines": "3",
                        "startColumns": "4",
                        "startOffsets": "116",
                        "endLines": "8",
                        "endColumns": "12",
                        "endOffsets": "433"
                    },
                    "to": {
                        "startLines": "545",
                        "startColumns": "4",
                        "startOffsets": "49455",
                        "endLines": "550",
                        "endColumns": "12",
                        "endOffsets": "49767"
                    }
                },
                {
                    "source": "C:\\Users\\cshar\\.gradle\\caches\\transforms-1\\files-1.1\\constraint-layout-1.0.2.aar\\ed0aa60f661bcdb69f8b7b68aae881fb\\res\\values\\values.xml",
                    "from": {
                        "startLines": "-1,-1,-1,-1,-1,-1,-1,-1,-1,-1,-1,-1,-1,-1,-1,-1,-1,-1,-1,-1,-1,-1,-1,-1,-1,-1,-1,-1,-1,-1,-1,-1,-1,-1,-1,-1,-1,-1,-1,-1,-1,-1,-1,-1",
                        "startColumns": "-1,-1,-1,-1,-1,-1,-1,-1,-1,-1,-1,-1,-1,-1,-1,-1,-1,-1,-1,-1,-1,-1,-1,-1,-1,-1,-1,-1,-1,-1,-1,-1,-1,-1,-1,-1,-1,-1,-1,-1,-1,-1,-1,-1",
                        "startOffsets": "-1,-1,-1,-1,-1,-1,-1,-1,-1,-1,-1,-1,-1,-1,-1,-1,-1,-1,-1,-1,-1,-1,-1,-1,-1,-1,-1,-1,-1,-1,-1,-1,-1,-1,-1,-1,-1,-1,-1,-1,-1,-1,-1,-1"
                    },
                    "to": {
                        "startLines": "2,6,7,10,11,14,17,18,21,24,25,26,27,31,32,33,34,39,40,41,44,47,48,51,54,57,60,61,64,67,68,73,74,78,79,80,81,82,83,84,85,86,87,88",
                        "startColumns": "4,4,4,4,4,4,4,4,4,4,4,4,4,4,4,4,4,4,4,4,4,4,4,4,4,4,4,4,4,4,4,4,4,4,4,4,4,4,4,4,4,4,4,4",
                        "startOffsets": "55,256,326,459,527,656,782,849,972,1097,1164,1229,1294,1434,1500,1566,1633,1843,1912,1978,2103,2229,2296,2422,2549,2674,2801,2866,2992,3115,3180,3388,3455,3594,3659,3724,3786,3848,3910,3969,4029,4090,4151,4210",
                        "endLines": "2,6,9,10,13,16,17,20,23,24,25,26,30,31,32,33,38,39,40,43,46,47,50,53,56,59,60,63,66,67,72,73,77,78,79,80,81,82,83,84,85,86,87,93",
                        "endColumns": "51,69,11,67,11,11,66,11,11,66,64,64,11,65,65,66,11,68,65,11,11,66,11,11,11,11,64,11,11,64,11,66,11,64,64,61,61,61,58,59,60,60,58,11",
                        "endOffsets": "102,321,454,522,651,777,844,967,1092,1159,1224,1289,1429,1495,1561,1628,1838,1907,1973,2098,2224,2291,2417,2544,2669,2796,2861,2987,3110,3175,3383,3450,3589,3654,3719,3781,3843,3905,3964,4024,4085,4146,4205,4414"
                    }
                },
                {
                    "source": "C:\\Users\\cshar\\.gradle\\caches\\transforms-1\\files-1.1\\appcompat-v7-26.1.0.aar\\35ac2b5c7b352d0802d718e0c4ca121f\\res\\values\\values.xml",
                    "from": {
                        "startLines": "-1,-1,-1,-1,-1,-1,-1,-1,-1,-1,-1,-1,-1,-1,-1,-1,-1,-1,-1,-1,-1,-1,-1,-1,-1,-1,-1,-1,-1,-1,-1,-1,-1,-1,-1,-1,-1,-1,-1,-1,-1,-1,-1,-1,-1,-1,-1,-1,-1,-1,-1,-1,-1,-1,-1,-1,-1,-1,-1,-1,-1,-1,-1,-1,-1,-1,-1,-1,-1,-1,-1,-1,-1,-1,-1,-1,-1,-1,-1,-1,-1,-1,-1,-1,-1,-1,-1,-1,-1,-1,-1,-1,-1,-1,-1,-1,-1,-1,-1,-1,-1,-1,-1,-1,-1,-1,-1,-1,-1,-1,-1,-1,-1,-1,-1,-1,-1,-1,-1,-1,-1,-1,-1,-1,-1,-1,-1,-1,-1,-1,-1,-1,-1,-1,-1,-1,-1,-1,-1,-1,-1,-1,-1,-1,-1,-1,-1,-1,-1,-1,-1,-1,-1,-1,-1,-1,-1,-1,-1,-1,-1,-1,-1,-1,-1,-1,-1,-1,-1,-1,-1,-1,-1,-1,-1,-1,-1,-1,-1,-1,-1,-1,-1,-1,-1,-1,-1,-1,-1,-1,-1,-1,-1,-1,-1,-1,-1,-1,-1,-1,-1,-1,-1,-1,-1,-1,-1,-1,-1,-1,-1,-1,-1,-1,-1,-1,-1,-1,-1,-1,-1,-1,-1,-1,-1,-1,-1,-1,-1,-1,-1,-1,-1,-1,-1,-1,-1,-1,-1,-1,-1,-1,-1,-1,-1,-1,-1,-1,-1,-1,-1,-1,-1,-1,-1,-1,-1,-1,-1,-1,-1,-1,-1,-1,-1,-1,-1,-1,-1,-1,-1,-1,-1,-1,-1,-1,-1,-1,-1,-1,-1,-1,-1,-1,-1,-1,-1,-1,-1,-1,-1,-1,-1,-1,-1,-1,-1,-1,-1,-1,-1,-1,-1,-1,-1,-1,-1,-1,-1,-1,-1,-1,-1,-1,-1,-1,-1,-1,-1,-1,-1,-1,-1,-1,-1,-1,-1,-1,-1,-1,-1,-1,-1,-1,-1,-1,-1,-1,-1,-1,-1,-1,-1,-1,-1,-1,-1,-1,-1,-1,-1,-1,-1,-1,-1,-1,-1,-1,-1,-1,-1,-1,-1,-1,-1,-1,-1,-1,-1,-1,-1,-1,-1,-1,-1,-1,-1,-1,-1,-1,-1,-1,-1,-1,-1,-1,-1,-1,-1,-1,-1,-1,-1,-1,-1,-1,-1,-1,-1,-1,-1,-1,-1,-1,-1,-1,-1,-1,-1,-1,-1,-1,-1,-1,-1,-1,-1,-1,-1,-1,-1,-1,-1,-1,-1,-1,-1,-1,-1,-1,-1,-1,-1,-1,-1,-1,-1,-1,-1,-1,-1,-1,-1,-1,-1,-1,-1,-1,-1,-1,-1,-1,-1,-1,-1,-1,-1,-1,-1,-1,-1,-1,-1,-1,-1,-1,-1,-1,-1,-1,-1,-1,-1,-1,-1,-1,-1,-1,-1,-1,-1,-1,-1,-1,-1,-1,-1,-1,-1,-1,-1,-1,-1,-1,-1,-1,-1,-1,-1,-1,-1,-1,-1,-1,-1,-1,-1,-1,-1,-1,-1,-1,-1,-1,-1,-1,-1,-1,-1,-1,-1,-1,-1,-1,-1,-1,-1,-1,-1",
                        "startColumns": "-1,-1,-1,-1,-1,-1,-1,-1,-1,-1,-1,-1,-1,-1,-1,-1,-1,-1,-1,-1,-1,-1,-1,-1,-1,-1,-1,-1,-1,-1,-1,-1,-1,-1,-1,-1,-1,-1,-1,-1,-1,-1,-1,-1,-1,-1,-1,-1,-1,-1,-1,-1,-1,-1,-1,-1,-1,-1,-1,-1,-1,-1,-1,-1,-1,-1,-1,-1,-1,-1,-1,-1,-1,-1,-1,-1,-1,-1,-1,-1,-1,-1,-1,-1,-1,-1,-1,-1,-1,-1,-1,-1,-1,-1,-1,-1,-1,-1,-1,-1,-1,-1,-1,-1,-1,-1,-1,-1,-1,-1,-1,-1,-1,-1,-1,-1,-1,-1,-1,-1,-1,-1,-1,-1,-1,-1,-1,-1,-1,-1,-1,-1,-1,-1,-1,-1,-1,-1,-1,-1,-1,-1,-1,-1,-1,-1,-1,-1,-1,-1,-1,-1,-1,-1,-1,-1,-1,-1,-1,-1,-1,-1,-1,-1,-1,-1,-1,-1,-1,-1,-1,-1,-1,-1,-1,-1,-1,-1,-1,-1,-1,-1,-1,-1,-1,-1,-1,-1,-1,-1,-1,-1,-1,-1,-1,-1,-1,-1,-1,-1,-1,-1,-1,-1,-1,-1,-1,-1,-1,-1,-1,-1,-1,-1,-1,-1,-1,-1,-1,-1,-1,-1,-1,-1,-1,-1,-1,-1,-1,-1,-1,-1,-1,-1,-1,-1,-1,-1,-1,-1,-1,-1,-1,-1,-1,-1,-1,-1,-1,-1,-1,-1,-1,-1,-1,-1,-1,-1,-1,-1,-1,-1,-1,-1,-1,-1,-1,-1,-1,-1,-1,-1,-1,-1,-1,-1,-1,-1,-1,-1,-1,-1,-1,-1,-1,-1,-1,-1,-1,-1,-1,-1,-1,-1,-1,-1,-1,-1,-1,-1,-1,-1,-1,-1,-1,-1,-1,-1,-1,-1,-1,-1,-1,-1,-1,-1,-1,-1,-1,-1,-1,-1,-1,-1,-1,-1,-1,-1,-1,-1,-1,-1,-1,-1,-1,-1,-1,-1,-1,-1,-1,-1,-1,-1,-1,-1,-1,-1,-1,-1,-1,-1,-1,-1,-1,-1,-1,-1,-1,-1,-1,-1,-1,-1,-1,-1,-1,-1,-1,-1,-1,-1,-1,-1,-1,-1,-1,-1,-1,-1,-1,-1,-1,-1,-1,-1,-1,-1,-1,-1,-1,-1,-1,-1,-1,-1,-1,-1,-1,-1,-1,-1,-1,-1,-1,-1,-1,-1,-1,-1,-1,-1,-1,-1,-1,-1,-1,-1,-1,-1,-1,-1,-1,-1,-1,-1,-1,-1,-1,-1,-1,-1,-1,-1,-1,-1,-1,-1,-1,-1,-1,-1,-1,-1,-1,-1,-1,-1,-1,-1,-1,-1,-1,-1,-1,-1,-1,-1,-1,-1,-1,-1,-1,-1,-1,-1,-1,-1,-1,-1,-1,-1,-1,-1,-1,-1,-1,-1,-1,-1,-1,-1,-1,-1,-1,-1,-1,-1,-1,-1,-1,-1,-1,-1,-1,-1,-1,-1,-1,-1,-1,-1,-1,-1,-1,-1,-1,-1,-1,-1,-1,-1,-1,-1,-1,-1,-1,-1,-1,-1,-1,-1,-1,-1,-1,-1,-1,-1,-1",
                        "startOffsets": "-1,-1,-1,-1,-1,-1,-1,-1,-1,-1,-1,-1,-1,-1,-1,-1,-1,-1,-1,-1,-1,-1,-1,-1,-1,-1,-1,-1,-1,-1,-1,-1,-1,-1,-1,-1,-1,-1,-1,-1,-1,-1,-1,-1,-1,-1,-1,-1,-1,-1,-1,-1,-1,-1,-1,-1,-1,-1,-1,-1,-1,-1,-1,-1,-1,-1,-1,-1,-1,-1,-1,-1,-1,-1,-1,-1,-1,-1,-1,-1,-1,-1,-1,-1,-1,-1,-1,-1,-1,-1,-1,-1,-1,-1,-1,-1,-1,-1,-1,-1,-1,-1,-1,-1,-1,-1,-1,-1,-1,-1,-1,-1,-1,-1,-1,-1,-1,-1,-1,-1,-1,-1,-1,-1,-1,-1,-1,-1,-1,-1,-1,-1,-1,-1,-1,-1,-1,-1,-1,-1,-1,-1,-1,-1,-1,-1,-1,-1,-1,-1,-1,-1,-1,-1,-1,-1,-1,-1,-1,-1,-1,-1,-1,-1,-1,-1,-1,-1,-1,-1,-1,-1,-1,-1,-1,-1,-1,-1,-1,-1,-1,-1,-1,-1,-1,-1,-1,-1,-1,-1,-1,-1,-1,-1,-1,-1,-1,-1,-1,-1,-1,-1,-1,-1,-1,-1,-1,-1,-1,-1,-1,-1,-1,-1,-1,-1,-1,-1,-1,-1,-1,-1,-1,-1,-1,-1,-1,-1,-1,-1,-1,-1,-1,-1,-1,-1,-1,-1,-1,-1,-1,-1,-1,-1,-1,-1,-1,-1,-1,-1,-1,-1,-1,-1,-1,-1,-1,-1,-1,-1,-1,-1,-1,-1,-1,-1,-1,-1,-1,-1,-1,-1,-1,-1,-1,-1,-1,-1,-1,-1,-1,-1,-1,-1,-1,-1,-1,-1,-1,-1,-1,-1,-1,-1,-1,-1,-1,-1,-1,-1,-1,-1,-1,-1,-1,-1,-1,-1,-1,-1,-1,-1,-1,-1,-1,-1,-1,-1,-1,-1,-1,-1,-1,-1,-1,-1,-1,-1,-1,-1,-1,-1,-1,-1,-1,-1,-1,-1,-1,-1,-1,-1,-1,-1,-1,-1,-1,-1,-1,-1,-1,-1,-1,-1,-1,-1,-1,-1,-1,-1,-1,-1,-1,-1,-1,-1,-1,-1,-1,-1,-1,-1,-1,-1,-1,-1,-1,-1,-1,-1,-1,-1,-1,-1,-1,-1,-1,-1,-1,-1,-1,-1,-1,-1,-1,-1,-1,-1,-1,-1,-1,-1,-1,-1,-1,-1,-1,-1,-1,-1,-1,-1,-1,-1,-1,-1,-1,-1,-1,-1,-1,-1,-1,-1,-1,-1,-1,-1,-1,-1,-1,-1,-1,-1,-1,-1,-1,-1,-1,-1,-1,-1,-1,-1,-1,-1,-1,-1,-1,-1,-1,-1,-1,-1,-1,-1,-1,-1,-1,-1,-1,-1,-1,-1,-1,-1,-1,-1,-1,-1,-1,-1,-1,-1,-1,-1,-1,-1,-1,-1,-1,-1,-1,-1,-1,-1,-1,-1,-1,-1,-1,-1,-1,-1,-1,-1,-1,-1,-1,-1,-1,-1,-1,-1,-1,-1,-1,-1,-1,-1,-1,-1,-1,-1,-1,-1,-1,-1,-1,-1,-1,-1,-1,-1,-1,-1,-1,-1,-1"
                    },
                    "to": {
                        "startLines": "3,4,5,94,95,96,97,98,99,100,101,102,103,104,105,107,108,109,110,113,114,115,116,117,118,119,120,124,125,126,127,128,129,130,134,135,138,139,140,141,142,143,144,145,146,147,148,149,155,156,157,158,159,160,161,162,165,166,167,168,169,170,172,173,174,175,177,178,372,373,374,375,376,377,378,379,380,381,382,383,384,385,386,387,388,389,390,391,392,393,394,395,396,397,398,399,400,401,402,403,404,405,406,407,408,409,410,411,412,413,414,415,416,417,418,419,420,421,422,423,424,425,426,427,428,429,430,431,432,433,434,435,436,437,438,439,440,441,442,443,444,445,453,454,455,456,457,458,459,460,461,477,478,479,480,481,482,483,484,487,488,489,490,491,494,495,496,500,501,502,503,504,506,507,508,509,510,511,512,513,514,515,516,517,518,519,520,521,522,523,524,525,526,527,528,529,530,531,532,533,534,535,536,538,540,541,542,543,544,555,562,563,567,571,575,580,586,593,597,601,606,610,614,618,622,626,630,634,638,642,646,650,654,659,663,666,670,674,678,682,686,690,693,697,701,705,709,713,714,715,716,719,722,725,728,732,733,734,735,736,739,741,743,745,750,751,755,761,765,766,768,779,780,784,790,794,795,796,800,827,831,832,836,864,1029,1051,1216,1238,1265,1272,1277,1291,1313,1318,1323,1333,1342,1351,1355,1362,1370,1377,1378,1387,1390,1393,1397,1401,1405,1408,1409,1413,1417,1427,1432,1439,1445,1446,1449,1453,1458,1460,1462,1465,1468,1470,1474,1477,1484,1487,1490,1494,1496,1500,1502,1508,1510,1514,1522,1530,1542,1548,1557,1560,1571,1574,1579,1580,1585,1627,1670,1671,1681,1690,1691,1693,1697,1700,1703,1706,1709,1713,1716,1719,1722,1726,1729,1733,1737,1738,1739,1740,1741,1742,1743,1744,1745,1746,1747,1748,1749,1750,1751,1752,1753,1754,1755,1756,1757,1758,1762,1763,1764,1765,1766,1770,1771,1772,1773,1775,1777,1778,1779,1780,1781,1782,1783,1784,1786,1787,1789,1790,1792,1794,1795,1797,1798,1799,1800,1801,1802,1804,1805,1806,1807,1808,1825,1827,1829,1831,1832,1833,1834,1835,1836,1837,1838,1839,1840,1841,1842,1843,1845,1846,1847,1848,1849,1850,1852,1856,1860,1861,1862,1863,1864,1865,1866,1867,1869,1871,1873,1875,1877,1878,1879,1880,1882,1884,1886,1887,1888,1889,1890,1891,1892,1893,1894,1895,1896,1897,1900,1901,1902,1903,1905,1907,1908,1910,1911,1913,1915,1917,1918,1919,1920,1921,1922,1923,1924,1925,1926,1927,1928,1930,1931,1932,1933,1935,1936,1937,1938,1939,1941,1943,1945,1947,1948,1949,1950,1951,1952,1953,1954,1955,1956,1957,1958,1959,1960",
                        "startColumns": "4,4,4,4,4,4,4,4,4,4,4,4,4,4,4,4,4,4,4,4,4,4,4,4,4,4,4,4,4,4,4,4,4,4,4,4,4,4,4,4,4,4,4,4,4,4,4,4,4,4,4,4,4,4,4,4,4,4,4,4,4,4,4,4,4,4,4,4,4,4,4,4,4,4,4,4,4,4,4,4,4,4,4,4,4,4,4,4,4,4,4,4,4,4,4,4,4,4,4,4,4,4,4,4,4,4,4,4,4,4,4,4,4,4,4,4,4,4,4,4,4,4,4,4,4,4,4,4,4,4,4,4,4,4,4,4,4,4,4,4,4,4,4,4,4,4,4,4,4,4,4,4,4,4,4,4,4,4,4,4,4,4,4,4,4,4,4,4,4,4,4,4,4,4,4,4,4,4,4,4,4,4,4,4,4,4,4,4,4,4,4,4,4,4,4,4,4,4,4,4,4,4,4,4,4,4,4,4,4,4,4,4,4,4,4,4,4,4,4,4,4,4,4,4,4,4,4,4,4,4,4,4,4,4,4,4,4,4,4,4,4,4,4,4,4,4,4,4,4,4,4,4,4,4,4,4,4,4,4,4,4,4,4,4,4,4,4,4,4,4,4,4,4,4,4,4,4,4,4,4,4,4,4,4,4,4,4,4,4,4,4,4,4,4,4,4,4,4,4,4,4,4,4,4,4,4,4,4,4,4,4,4,4,4,4,4,4,4,4,4,4,4,4,4,4,4,4,4,4,4,4,4,4,4,4,4,4,4,4,4,4,4,4,4,4,4,4,4,4,4,4,4,4,4,4,4,4,4,4,4,4,4,4,4,4,4,4,4,4,4,4,4,4,4,4,4,4,4,4,4,4,4,4,4,4,4,4,4,4,4,4,4,4,4,4,4,4,4,4,4,4,4,4,4,4,4,4,4,4,4,4,4,4,4,4,4,4,4,4,4,4,4,4,4,4,4,4,4,4,4,4,4,4,4,4,4,4,4,4,4,4,4,4,4,4,4,4,4,4,4,4,4,4,4,4,4,4,4,4,4,4,4,4,4,4,4,4,4,4,4,4,4,4,4,4,4,4,4,4,4,4,4,4,4,4,4,4,4,4,4,4,4,4,4,4,4,4,4,4,4,4,4,4,4,4,4,4,4,4,4,4,4,4,4,4,4,4,4,4,4,4,4,4,4,4,4,4,4,4",
                        "startOffsets": "107,162,207,4419,4460,4515,4573,4635,4703,4781,4862,4923,4998,5074,5151,5268,5353,5435,5511,5666,5743,5821,5927,6033,6112,6192,6249,6451,6525,6600,6665,6731,6786,6858,7052,7119,7267,7326,7385,7444,7503,7562,7616,7670,7723,7777,7831,7885,8239,8313,8392,8465,8539,8610,8682,8754,8906,8963,9021,9094,9168,9242,9358,9430,9503,9573,9683,9743,37798,37867,37936,38006,38080,38156,38220,38297,38373,38450,38514,38579,38648,38725,38800,38869,38937,39014,39080,39177,39242,39311,39410,39481,39540,39598,39655,39714,39785,39857,39929,40001,40073,40140,40208,40276,40335,40398,40462,40552,40643,40703,40769,40836,40902,40972,41036,41089,41202,41260,41323,41388,41453,41528,41601,41673,41722,41783,41844,41905,41967,42031,42095,42159,42224,42287,42347,42408,42474,42533,42593,42655,42726,42786,43309,43395,43482,43572,43659,43747,43829,43912,44002,45071,45123,45181,45226,45292,45356,45413,45470,45672,45729,45777,45826,45877,45981,46028,46077,46227,46259,46323,46385,46445,46572,46646,46724,46817,46887,46965,47019,47089,47174,47222,47268,47339,47417,47495,47567,47641,47715,47789,47869,47942,48011,48083,48160,48212,48285,48359,48428,48503,48577,48651,48740,48889,49013,49091,49181,49269,49365,49965,50466,50555,50802,51083,51327,51612,52005,52482,52704,52926,53194,53421,53651,53881,54111,54341,54568,54807,55033,55278,55508,55756,55975,56258,56466,56597,56824,57070,57295,57542,57763,58008,58128,58404,58705,59029,59320,59634,59771,59902,60007,60249,60416,60620,60828,61099,61211,61323,61428,61545,61759,61905,62045,62131,62479,62567,62797,63215,63448,63530,63628,64220,64320,64556,64980,65219,65313,65402,65639,67663,67905,68007,68244,70400,80345,81596,91638,92901,94393,94929,95259,96320,97585,97841,98077,98624,99118,99723,99921,100501,101065,101440,101558,102096,102253,102449,102722,102978,103148,103289,103353,103635,103921,104597,104861,105199,105552,105646,105832,106138,106400,106525,106652,106891,107102,107221,107414,107591,108046,108227,108349,108608,108721,108908,109010,109454,109578,109853,110361,110857,111734,112028,112598,112747,113479,113651,113987,114079,114357,117481,120748,120810,121388,121972,122058,122171,122400,122560,122712,122883,123050,123293,123463,123636,123807,124081,124280,124485,124815,124899,124995,125091,125189,125289,125391,125493,125595,125697,125799,125899,125995,126107,126236,126359,126490,126621,126719,126833,126927,127047,127251,127320,127436,127564,127628,127832,127901,128033,128103,128243,128377,128473,128585,128685,128801,128897,129009,129109,129249,129385,129549,129679,129837,129987,130128,130272,130407,130519,130669,130797,130925,131061,131193,131323,131453,131565,132845,132991,133135,133273,133339,133429,133505,133609,133699,133801,133909,134017,134117,134197,134289,134387,134497,134575,134681,134773,134877,134987,135109,135272,135429,135509,135609,135699,135809,135903,136009,136101,136201,136313,136427,136543,136659,136753,136867,136979,137081,137201,137323,137405,137509,137629,137755,137853,137947,138035,138147,138263,138385,138497,138672,138788,138874,138966,139078,139202,139269,139395,139463,139591,139735,139863,139932,140027,140142,140255,140354,140463,140574,140685,140786,140891,140991,141121,141212,141335,141429,141541,141627,141731,141827,141915,142033,142137,142241,142367,142455,142563,142663,142753,142863,142947,143049,143133,143187,143251,143357,143467,143551",
                        "endLines": "3,4,5,94,95,96,97,98,99,100,101,102,103,104,105,107,108,109,110,113,114,115,116,117,118,119,120,124,125,126,127,128,129,130,134,135,138,139,140,141,142,143,144,145,146,147,148,149,155,156,157,158,159,160,161,162,165,166,167,168,169,170,172,173,174,175,177,178,372,373,374,375,376,377,378,379,380,381,382,383,384,385,386,387,388,389,390,391,392,393,394,395,396,397,398,399,400,401,402,403,404,405,406,407,408,409,410,411,412,413,414,415,416,417,418,419,420,421,422,423,424,425,426,427,428,429,430,431,432,433,434,435,436,437,438,439,440,441,442,443,444,445,453,454,455,456,457,458,459,460,461,477,478,479,480,481,482,483,484,487,488,489,490,491,494,495,496,500,501,502,503,504,506,507,508,509,510,511,512,513,514,515,516,517,518,519,520,521,522,523,524,525,526,527,528,529,530,531,532,533,534,535,536,538,540,541,542,543,544,561,562,566,570,574,579,585,592,596,600,605,609,613,617,621,625,629,633,637,641,645,649,653,658,662,665,669,673,677,681,685,689,692,696,700,704,708,712,713,714,715,718,721,724,727,731,732,733,734,735,738,740,742,744,749,750,754,760,764,765,767,778,779,783,789,793,794,795,799,826,830,831,835,863,1028,1050,1215,1237,1264,1271,1276,1290,1312,1317,1322,1332,1341,1350,1354,1361,1369,1376,1377,1386,1389,1392,1396,1400,1404,1407,1408,1412,1416,1426,1431,1438,1444,1445,1448,1452,1457,1459,1461,1464,1467,1469,1473,1476,1483,1486,1489,1493,1495,1499,1501,1507,1509,1513,1521,1529,1541,1547,1556,1559,1570,1573,1578,1579,1584,1626,1669,1670,1680,1689,1690,1692,1696,1699,1702,1705,1708,1712,1715,1718,1721,1725,1728,1732,1736,1737,1738,1739,1740,1741,1742,1743,1744,1745,1746,1747,1748,1749,1750,1751,1752,1753,1754,1755,1756,1757,1761,1762,1763,1764,1765,1769,1770,1771,1772,1774,1776,1777,1778,1779,1780,1781,1782,1783,1785,1786,1788,1789,1791,1793,1794,1796,1797,1798,1799,1800,1801,1803,1804,1805,1806,1807,1808,1826,1828,1830,1831,1832,1833,1834,1835,1836,1837,1838,1839,1840,1841,1842,1844,1845,1846,1847,1848,1849,1851,1855,1859,1860,1861,1862,1863,1864,1865,1866,1868,1870,1872,1874,1876,1877,1878,1879,1881,1883,1885,1886,1887,1888,1889,1890,1891,1892,1893,1894,1895,1896,1899,1900,1901,1902,1904,1906,1907,1909,1910,1912,1914,1916,1917,1918,1919,1920,1921,1922,1923,1924,1925,1926,1927,1929,1930,1931,1932,1934,1935,1936,1937,1938,1940,1942,1944,1946,1947,1948,1949,1950,1951,1952,1953,1954,1955,1956,1957,1958,1959,1960",
                        "endColumns": "54,44,48,40,54,57,61,67,77,80,60,74,75,76,77,84,81,75,75,76,77,105,105,78,79,56,57,73,74,64,65,54,71,72,66,67,58,58,58,58,58,53,53,52,53,53,53,53,73,78,72,73,70,71,71,72,56,57,72,73,73,74,71,72,69,70,59,60,68,68,69,73,75,63,76,75,76,63,64,68,76,74,68,67,76,65,96,64,68,98,70,58,57,56,58,70,71,71,71,71,66,67,67,58,62,63,89,90,59,65,66,65,69,63,52,112,57,62,64,64,74,72,71,48,60,60,60,61,63,63,63,64,62,59,60,65,58,59,61,70,59,67,85,86,89,86,87,81,82,89,90,51,57,44,65,63,56,56,53,56,47,48,50,33,46,48,45,31,63,61,59,56,73,77,92,69,77,53,69,84,47,45,70,77,77,71,73,73,73,79,72,68,71,76,51,72,73,68,74,73,73,88,69,52,77,89,87,95,89,12,88,12,12,12,12,12,12,12,12,12,12,12,12,12,12,12,12,12,12,12,12,12,12,12,12,12,12,12,12,12,12,12,12,12,12,12,12,136,130,104,12,12,12,12,12,111,111,104,116,12,12,12,12,12,87,12,12,12,81,12,12,99,12,12,12,93,88,12,12,12,101,12,12,12,12,12,12,12,12,12,12,12,12,12,12,12,12,12,12,12,12,117,12,12,12,12,12,12,12,63,12,12,12,12,12,12,93,12,12,12,12,12,12,12,12,12,12,12,12,12,12,12,12,12,12,12,12,12,12,12,12,12,12,12,12,12,91,12,12,12,61,12,12,85,12,12,12,12,12,12,12,12,12,12,12,12,12,12,83,95,95,97,99,101,101,101,101,101,99,95,111,128,122,130,130,97,113,93,119,12,68,115,127,63,12,68,131,69,12,12,95,111,99,115,95,111,99,12,135,12,129,12,12,140,12,134,111,149,127,127,12,131,129,129,111,139,12,12,12,65,89,75,103,89,101,107,107,99,79,91,97,12,77,105,91,103,109,12,12,12,79,99,89,109,93,105,91,12,12,12,12,12,93,113,111,12,12,12,81,103,119,125,97,93,87,111,115,121,111,12,115,85,91,12,12,66,12,67,12,12,12,68,94,114,112,98,108,110,110,100,104,99,12,90,122,93,12,85,103,95,87,12,12,12,12,87,107,99,89,109,83,101,83,53,63,105,109,83,119",
                        "endOffsets": "157,202,251,4455,4510,4568,4630,4698,4776,4857,4918,4993,5069,5146,5224,5348,5430,5506,5582,5738,5816,5922,6028,6107,6187,6244,6302,6520,6595,6660,6726,6781,6853,6926,7114,7182,7321,7380,7439,7498,7557,7611,7665,7718,7772,7826,7880,7934,8308,8387,8460,8534,8605,8677,8749,8822,8958,9016,9089,9163,9237,9312,9425,9498,9568,9639,9738,9799,37862,37931,38001,38075,38151,38215,38292,38368,38445,38509,38574,38643,38720,38795,38864,38932,39009,39075,39172,39237,39306,39405,39476,39535,39593,39650,39709,39780,39852,39924,39996,40068,40135,40203,40271,40330,40393,40457,40547,40638,40698,40764,40831,40897,40967,41031,41084,41197,41255,41318,41383,41448,41523,41596,41668,41717,41778,41839,41900,41962,42026,42090,42154,42219,42282,42342,42403,42469,42528,42588,42650,42721,42781,42849,43390,43477,43567,43654,43742,43824,43907,43997,44088,45118,45176,45221,45287,45351,45408,45465,45519,45724,45772,45821,45872,45906,46023,46072,46118,46254,46318,46380,46440,46497,46641,46719,46812,46882,46960,47014,47084,47169,47217,47263,47334,47412,47490,47562,47636,47710,47784,47864,47937,48006,48078,48155,48207,48280,48354,48423,48498,48572,48646,48735,48805,48937,49086,49176,49264,49360,49450,50461,50550,50797,51078,51322,51607,52000,52477,52699,52921,53189,53416,53646,53876,54106,54336,54563,54802,55028,55273,55503,55751,55970,56253,56461,56592,56819,57065,57290,57537,57758,58003,58123,58399,58700,59024,59315,59629,59766,59897,60002,60244,60411,60615,60823,61094,61206,61318,61423,61540,61754,61900,62040,62126,62474,62562,62792,63210,63443,63525,63623,64215,64315,64551,64975,65214,65308,65397,65634,67658,67900,68002,68239,70395,80340,81591,91633,92896,94388,94924,95254,96315,97580,97836,98072,98619,99113,99718,99916,100496,101060,101435,101553,102091,102248,102444,102717,102973,103143,103284,103348,103630,103916,104592,104856,105194,105547,105641,105827,106133,106395,106520,106647,106886,107097,107216,107409,107586,108041,108222,108344,108603,108716,108903,109005,109449,109573,109848,110356,110852,111729,112023,112593,112742,113474,113646,113982,114074,114352,117476,120743,120805,121383,121967,122053,122166,122395,122555,122707,122878,123045,123288,123458,123631,123802,124076,124275,124480,124810,124894,124990,125086,125184,125284,125386,125488,125590,125692,125794,125894,125990,126102,126231,126354,126485,126616,126714,126828,126922,127042,127246,127315,127431,127559,127623,127827,127896,128028,128098,128238,128372,128468,128580,128680,128796,128892,129004,129104,129244,129380,129544,129674,129832,129982,130123,130267,130402,130514,130664,130792,130920,131056,131188,131318,131448,131560,131700,132986,133130,133268,133334,133424,133500,133604,133694,133796,133904,134012,134112,134192,134284,134382,134492,134570,134676,134768,134872,134982,135104,135267,135424,135504,135604,135694,135804,135898,136004,136096,136196,136308,136422,136538,136654,136748,136862,136974,137076,137196,137318,137400,137504,137624,137750,137848,137942,138030,138142,138258,138380,138492,138667,138783,138869,138961,139073,139197,139264,139390,139458,139586,139730,139858,139927,140022,140137,140250,140349,140458,140569,140680,140781,140886,140986,141116,141207,141330,141424,141536,141622,141726,141822,141910,142028,142132,142236,142362,142450,142558,142658,142748,142858,142942,143044,143128,143182,143246,143352,143462,143546,143666"
                    }
                },
                {
                    "source": "C:\\Users\\cshar\\Desktop\\TrafficReportingAppV2\\app\\src\\main\\res\\values\\dimens.xml",
                    "from": {
                        "startLines": "-1,-1",
                        "startColumns": "-1,-1",
                        "startOffsets": "-1,-1"
                    },
                    "to": {
                        "startLines": "446,447",
                        "startColumns": "4,4",
                        "startOffsets": "42854,42912",
                        "endColumns": "57,55",
                        "endOffsets": "42907,42963"
                    }
                },
                {
                    "source": "C:\\Users\\cshar\\.gradle\\caches\\transforms-1\\files-1.1\\support-compat-26.1.0.aar\\caf05724c77084e454680e242e85d44b\\res\\values\\values.xml",
                    "from": {
                        "startLines": "-1,-1,-1,-1,-1,-1,-1,-1,-1,-1,-1,-1,-1,-1,-1,-1,-1,-1,-1,-1,-1,-1,-1,-1,-1,-1,-1,-1,-1,-1,-1,-1,-1,-1,-1,-1,-1,-1",
                        "startColumns": "-1,-1,-1,-1,-1,-1,-1,-1,-1,-1,-1,-1,-1,-1,-1,-1,-1,-1,-1,-1,-1,-1,-1,-1,-1,-1,-1,-1,-1,-1,-1,-1,-1,-1,-1,-1,-1,-1",
                        "startOffsets": "-1,-1,-1,-1,-1,-1,-1,-1,-1,-1,-1,-1,-1,-1,-1,-1,-1,-1,-1,-1,-1,-1,-1,-1,-1,-1,-1,-1,-1,-1,-1,-1,-1,-1,-1,-1,-1,-1"
                    },
                    "to": {
                        "startLines": "151,152,448,449,450,451,452,462,463,464,465,466,467,468,469,470,471,472,473,474,475,476,485,486,492,493,497,498,499,505,539,1809,1810,1815,1818,1823,1961,1962",
                        "startColumns": "4,4,4,4,4,4,4,4,4,4,4,4,4,4,4,4,4,4,4,4,4,4,4,4,4,4,4,4,4,4,4,4,4,4,4,4,4,4",
                        "startOffsets": "7978,8047,42968,43038,43106,43178,43248,44093,44154,44215,44277,44341,44403,44464,44532,44632,44692,44758,44831,44900,44957,45009,45524,45596,45911,45946,46123,46157,46192,46502,48942,131705,131822,132089,132382,132649,143671,143743",
                        "endLines": "151,152,448,449,450,451,452,462,463,464,465,466,467,468,469,470,471,472,473,474,475,476,485,486,492,493,497,498,499,505,539,1809,1813,1815,1821,1823,1961,1962",
                        "endColumns": "68,62,69,67,71,69,60,60,60,61,63,61,60,67,99,59,65,72,68,56,51,61,71,75,34,34,33,34,34,69,70,116,12,109,12,128,71,66",
                        "endOffsets": "8042,8105,43033,43101,43173,43243,43304,44149,44210,44272,44336,44398,44459,44527,44627,44687,44753,44826,44895,44952,45004,45066,45591,45667,45941,45976,46152,46187,46222,46567,49008,131817,132018,132194,132578,132773,143738,143805"
                    }
                },
                {
                    "source": "C:\\Users\\cshar\\Desktop\\TrafficReportingAppV2\\app\\src\\main\\res\\values\\strings.xml",
                    "from": {
                        "startLines": "-1",
                        "startColumns": "-1",
                        "startOffsets": "-1"
                    },
                    "to": {
                        "startLines": "537",
                        "startColumns": "4",
                        "startOffsets": "48810",
                        "endColumns": "78",
                        "endOffsets": "48884"
                    }
                },
                {
                    "source": "C:\\Users\\cshar\\.gradle\\caches\\transforms-1\\files-1.1\\easy-android-splash-screen-0.0.1.aar\\8a5a837af37338148bb9465cbdcdd8b6\\res\\values\\values.xml",
                    "from": {
                        "startLines": "-1",
                        "startColumns": "-1",
                        "startOffsets": "-1"
                    },
                    "to": {
                        "startLines": "551",
                        "startColumns": "4",
                        "startOffsets": "49772",
                        "endLines": "554",
                        "endColumns": "12",
                        "endOffsets": "49960"
                    }
                }
            ]
        }
    ]
}