{
    "logs": [
        {
            "outputFile": "C:\\Users\\cshar\\Desktop\\TrafficReportingAppV2\\app\\build\\intermediates\\incremental\\mergeDebugResources\\merged.dir\\values-ta\\values-ta.xml",
            "map": [
                {
                    "source": "C:\\Users\\cshar\\.gradle\\caches\\transforms-1\\files-1.1\\appcompat-v7-26.1.0.aar\\35ac2b5c7b352d0802d718e0c4ca121f\\res\\values-ta\\values-ta.xml",
                    "from": {
                        "startLines": "2,3,4,5,6,7,8,9,10,11,12,13,14,15,16,17,18,19,20,21,22",
                        "startColumns": "4,4,4,4,4,4,4,4,4,4,4,4,4,4,4,4,4,4,4,4,4",
                        "startOffsets": "55,169,277,400,505,620,709,816,942,1023,1103,1185,1287,1391,1488,1598,1700,1807,1926,2026,2106",
                        "endColumns": "113,107,122,104,114,88,106,125,80,79,81,101,103,96,109,101,106,118,99,79,100",
                        "endOffsets": "164,272,395,500,615,704,811,937,1018,1098,1180,1282,1386,1483,1593,1695,1802,1921,2021,2101,2202"
                    }
                }
            ]
        }
    ]
}