{
    "logs": [
        {
            "outputFile": "C:\\Users\\cshar\\Desktop\\TrafficReportingAppV2\\app\\build\\intermediates\\incremental\\mergeDebugResources\\merged.dir\\values-hi\\values-hi.xml",
            "map": [
                {
                    "source": "C:\\Users\\cshar\\.gradle\\caches\\transforms-1\\files-1.1\\appcompat-v7-26.1.0.aar\\35ac2b5c7b352d0802d718e0c4ca121f\\res\\values-hi\\values-hi.xml",
                    "from": {
                        "startLines": "2,3,4,5,6,7,8,9,10,11,12,13,14,15,16,17,18,19,20,21,22",
                        "startColumns": "4,4,4,4,4,4,4,4,4,4,4,4,4,4,4,4,4,4,4,4,4",
                        "startOffsets": "55,172,280,403,508,615,700,802,924,1001,1079,1169,1278,1380,1478,1588,1688,1803,1928,2034,2113",
                        "endColumns": "116,107,122,104,106,84,101,121,76,77,89,108,101,97,109,99,114,124,105,78,100",
                        "endOffsets": "167,275,398,503,610,695,797,919,996,1074,1164,1273,1375,1473,1583,1683,1798,1923,2029,2108,2209"
                    }
                }
            ]
        }
    ]
}