{
    "logs": [
        {
            "outputFile": "C:\\Users\\cshar\\Desktop\\TrafficReportingAppV2\\app\\build\\intermediates\\incremental\\mergeDebugResources\\merged.dir\\values-v24\\values-v24.xml",
            "map": [
                {
                    "source": "C:\\Users\\cshar\\.gradle\\caches\\transforms-1\\files-1.1\\appcompat-v7-26.1.0.aar\\35ac2b5c7b352d0802d718e0c4ca121f\\res\\values-v24\\values-v24.xml",
                    "from": {
                        "startLines": "2,3,4,5,6,7",
                        "startColumns": "4,4,4,4,4,4",
                        "startOffsets": "55,212,347,416,480,549",
                        "endColumns": "156,134,68,63,68,69",
                        "endOffsets": "207,342,411,475,544,614"
                    }
                },
                {
                    "source": "C:\\Users\\cshar\\.gradle\\caches\\transforms-1\\files-1.1\\support-media-compat-26.1.0.aar\\437840502ae6e24030401a9427ace2b5\\res\\values-v24\\values-v24.xml",
                    "from": {
                        "startLines": "2,3,4,5",
                        "startColumns": "4,4,4,4",
                        "startOffsets": "55,121,182,248",
                        "endColumns": "65,60,65,66",
                        "endOffsets": "116,177,243,310"
                    },
                    "to": {
                        "startLines": "8,9,10,11",
                        "startColumns": "4,4,4,4",
                        "startOffsets": "619,685,746,812",
                        "endColumns": "65,60,65,66",
                        "endOffsets": "680,741,807,874"
                    }
                }
            ]
        }
    ]
}