{
    "logs": [
        {
            "outputFile": "C:\\Users\\cshar\\Desktop\\TrafficReportingAppV2\\app\\build\\intermediates\\incremental\\mergeDebugResources\\merged.dir\\values-pt-rBR\\values-pt-rBR.xml",
            "map": [
                {
                    "source": "C:\\Users\\cshar\\.gradle\\caches\\transforms-1\\files-1.1\\appcompat-v7-26.1.0.aar\\35ac2b5c7b352d0802d718e0c4ca121f\\res\\values-pt-rBR\\values-pt-rBR.xml",
                    "from": {
                        "startLines": "2,3,4,5,6,7,8,9,10,11,12,13,14,15,16,17,18,19,20,21,22",
                        "startColumns": "4,4,4,4,4,4,4,4,4,4,4,4,4,4,4,4,4,4,4,4,4",
                        "startOffsets": "55,175,283,406,512,619,708,809,927,1010,1090,1177,1284,1396,1498,1606,1713,1823,1948,2048,2133",
                        "endColumns": "119,107,122,105,106,88,100,117,82,79,86,106,111,101,107,106,109,124,99,84,100",
                        "endOffsets": "170,278,401,507,614,703,804,922,1005,1085,1172,1279,1391,1493,1601,1708,1818,1943,2043,2128,2229"
                    }
                }
            ]
        }
    ]
}