{
    "logs": [
        {
            "outputFile": "C:\\Users\\cshar\\Desktop\\TrafficReportingAppV2\\app\\build\\intermediates\\incremental\\mergeDebugResources\\merged.dir\\values-is\\values-is.xml",
            "map": [
                {
                    "source": "C:\\Users\\cshar\\.gradle\\caches\\transforms-1\\files-1.1\\appcompat-v7-26.1.0.aar\\35ac2b5c7b352d0802d718e0c4ca121f\\res\\values-is\\values-is.xml",
                    "from": {
                        "startLines": "2,3,4,5,6,7,8,9,10,11,12,13,14,15,16,17,18,19,20,21,22",
                        "startColumns": "4,4,4,4,4,4,4,4,4,4,4,4,4,4,4,4,4,4,4,4,4",
                        "startOffsets": "55,155,263,386,483,595,680,781,895,975,1055,1136,1246,1354,1452,1561,1660,1763,1881,1979,2060",
                        "endColumns": "99,107,122,96,111,84,100,113,79,79,80,109,107,97,108,98,102,117,97,80,100",
                        "endOffsets": "150,258,381,478,590,675,776,890,970,1050,1131,1241,1349,1447,1556,1655,1758,1876,1974,2055,2156"
                    }
                }
            ]
        }
    ]
}