{
    "logs": [
        {
            "outputFile": "C:\\Users\\cshar\\Desktop\\TrafficReportingAppV2\\app\\build\\intermediates\\incremental\\mergeDebugResources\\merged.dir\\values-pt-rPT\\values-pt-rPT.xml",
            "map": [
                {
                    "source": "C:\\Users\\cshar\\.gradle\\caches\\transforms-1\\files-1.1\\appcompat-v7-26.1.0.aar\\35ac2b5c7b352d0802d718e0c4ca121f\\res\\values-pt-rPT\\values-pt-rPT.xml",
                    "from": {
                        "startLines": "2,3,4,5,6,7,8,9,10,11,12,13,14,15,16,17,18,19,20,21,22",
                        "startColumns": "4,4,4,4,4,4,4,4,4,4,4,4,4,4,4,4,4,4,4,4,4",
                        "startOffsets": "55,175,283,406,512,619,708,809,933,1017,1098,1185,1292,1404,1506,1614,1721,1828,1950,2049,2134",
                        "endColumns": "119,107,122,105,106,88,100,123,83,80,86,106,111,101,107,106,106,121,98,84,100",
                        "endOffsets": "170,278,401,507,614,703,804,928,1012,1093,1180,1287,1399,1501,1609,1716,1823,1945,2044,2129,2230"
                    }
                }
            ]
        }
    ]
}