{
    "logs": [
        {
            "outputFile": "C:\\Users\\cshar\\Desktop\\TrafficReportingAppV2\\app\\build\\intermediates\\incremental\\mergeDebugResources\\merged.dir\\values-hr\\values-hr.xml",
            "map": [
                {
                    "source": "C:\\Users\\cshar\\.gradle\\caches\\transforms-1\\files-1.1\\appcompat-v7-26.1.0.aar\\35ac2b5c7b352d0802d718e0c4ca121f\\res\\values-hr\\values-hr.xml",
                    "from": {
                        "startLines": "2,3,4,5,6,7,8,9,10,11,12,13,14,15,16,17,18,19,20,21,22",
                        "startColumns": "4,4,4,4,4,4,4,4,4,4,4,4,4,4,4,4,4,4,4,4,4",
                        "startOffsets": "55,160,268,391,488,598,684,788,907,991,1074,1160,1264,1377,1483,1588,1701,1808,1931,2028,2117",
                        "endColumns": "104,107,122,96,109,85,103,118,83,82,85,103,112,105,104,112,106,122,96,88,100",
                        "endOffsets": "155,263,386,483,593,679,783,902,986,1069,1155,1259,1372,1478,1583,1696,1803,1926,2023,2112,2213"
                    }
                }
            ]
        }
    ]
}