{
    "logs": [
        {
            "outputFile": "C:\\Users\\cshar\\Desktop\\TrafficReportingAppV2\\app\\build\\intermediates\\incremental\\mergeDebugResources\\merged.dir\\values-ar\\values-ar.xml",
            "map": [
                {
                    "source": "C:\\Users\\cshar\\.gradle\\caches\\transforms-1\\files-1.1\\appcompat-v7-26.1.0.aar\\35ac2b5c7b352d0802d718e0c4ca121f\\res\\values-ar\\values-ar.xml",
                    "from": {
                        "startLines": "2,3,4,5,6,7,8,9,10,11,12,13,14,15,16,17,18,19,20,21,22",
                        "startColumns": "4,4,4,4,4,4,4,4,4,4,4,4,4,4,4,4,4,4,4,4,4",
                        "startOffsets": "55,172,280,403,507,616,698,799,913,992,1071,1150,1255,1356,1452,1560,1663,1766,1885,1982,2063",
                        "endColumns": "116,107,122,103,108,81,100,113,78,78,78,104,100,95,107,102,102,118,96,80,100",
                        "endOffsets": "167,275,398,502,611,693,794,908,987,1066,1145,1250,1351,1447,1555,1658,1761,1880,1977,2058,2159"
                    }
                }
            ]
        }
    ]
}