{
    "logs": [
        {
            "outputFile": "C:\\Users\\cshar\\Desktop\\TrafficReportingAppV2\\app\\build\\intermediates\\incremental\\mergeDebugResources\\merged.dir\\values-sr\\values-sr.xml",
            "map": [
                {
                    "source": "C:\\Users\\cshar\\.gradle\\caches\\transforms-1\\files-1.1\\appcompat-v7-26.1.0.aar\\35ac2b5c7b352d0802d718e0c4ca121f\\res\\values-sr\\values-sr.xml",
                    "from": {
                        "startLines": "2,3,4,5,6,7,8,9,10,11,12,13,14,15,16,17,18,19,20,21,22",
                        "startColumns": "4,4,4,4,4,4,4,4,4,4,4,4,4,4,4,4,4,4,4,4,4",
                        "startOffsets": "55,164,272,395,498,604,690,794,912,993,1073,1161,1266,1374,1475,1579,1687,1788,1916,2013,2097",
                        "endColumns": "108,107,122,102,105,85,103,117,80,79,87,104,107,100,103,107,100,127,96,83,100",
                        "endOffsets": "159,267,390,493,599,685,789,907,988,1068,1156,1261,1369,1470,1574,1682,1783,1911,2008,2092,2193"
                    }
                }
            ]
        }
    ]
}