{
    "logs": [
        {
            "outputFile": "C:\\Users\\cshar\\Desktop\\TrafficReportingAppV2\\app\\build\\intermediates\\incremental\\mergeDebugResources\\merged.dir\\values-es-rUS\\values-es-rUS.xml",
            "map": [
                {
                    "source": "C:\\Users\\cshar\\.gradle\\caches\\transforms-1\\files-1.1\\appcompat-v7-26.1.0.aar\\35ac2b5c7b352d0802d718e0c4ca121f\\res\\values-es-rUS\\values-es-rUS.xml",
                    "from": {
                        "startLines": "2,3,4,5,6,7,8,9,10,11,12,13,14,15,16,17,18,19,20,21,22",
                        "startColumns": "4,4,4,4,4,4,4,4,4,4,4,4,4,4,4,4,4,4,4,4,4",
                        "startOffsets": "55,175,283,406,515,623,708,809,932,1017,1099,1181,1293,1393,1494,1602,1709,1816,1938,2038,2120",
                        "endColumns": "119,107,122,108,107,84,100,122,84,81,81,111,99,100,107,106,106,121,99,81,100",
                        "endOffsets": "170,278,401,510,618,703,804,927,1012,1094,1176,1288,1388,1489,1597,1704,1811,1933,2033,2115,2216"
                    }
                }
            ]
        }
    ]
}